uav_quadcopter;UAV Raven's Eye
ucav_recon_micro;Recon Micro
ucav_mq_1_predator;MQ-1
ucav_orion;Orion
ucav_wing_loong_i;Wing Loong I
a_10a_early;A-10A
a_10a_late;A-10A Late
a-20g;A-20G-25
a_20g_30_ussr;A-20G-30 (USSR)
arado-196a-3;Ar 196 A-3
arado-196a-5;Ar 196 A-5 (Sweden)
arado-234;Ar 234 B-2
b-17g;B-17G-60-VE
b-17g_iaf;B-17G (Israel)
be_6;Be-6
su-6_am42;Su-6 (AM-42)
su_6_single;Su-6
bf-109e-1;Bf 109 E-1
bf-109e-3;Bf 109 E-3
bf-109e-3_japan;Bf 109 E-7 (Japan)
bf-109f-1;Bf 109 F-1
bf-109f-2;Bf 109 F-2
bf-109f-4;Bf 109 F-4
bf-109f-4_hungary;Bf 109 F-4 (Italy)
bf-109g-2;Bf 109 G-2/trop
bf-109g-6;Bf 109 G-6
bf-109g-6_finland;Bf 109 G-6 (Sweden)
bf-109g-10;Bf 109 G-10
bf-109k-4;Bf 109 K-4
s_199;Sakeen
bf-110c-4;Bf 110 C-7
bf-110c-6;Bf 110 C-6
bf-110f-2;Bf 110 F-2
bf-110g-2;Bf 110 G-2
bf_110g_4_hungary;Bf 110 G-4 (Italy)
bf_110g_4;Bf 110 G-4
blenheim_mkiv;Blenheim Mk IV
fw_190a_5_u14;Fw 190 A-5/U14
fw-190a-5;Fw 190 A-5/U12
fw-190a-5_u2;Fw 190 A-5/U2
fw-190a-5_cannons;Fw 190 A-5
fw-190c;Fw 190 C
fw-190d-9;Fw 190 D-9
fw-190a-8_france;NC.900
fw-190a-8;Fw 190 A-8
fw-190f-8;Fw 190 F-8
fw-190d-12;Fw 190 D-12
he-111h-2;He 111 H-3
he-111h-6;He 111 H-6
he-111h-16_winter;He 111 H-16
he-162a-2;He 162 A-2
hurricanemkii;Hurricane Mk IIB/Trop
i-153_m62;I-153 M-62
i-153p;I-153P
i-15_1934;I-15 WR
i-15_1935;I-15 M-22
i-15_1935_moscow;I-15 M-25
i-16_type18;I-16 type 18
i-16_type17_china;I-16 type 17 (China)
i-16_type28;I-16 type 28
il_28;IL-28
il_28sh;IL-28Sh
il-10;IL-10
il-2i;IL-2 (1942)
il-2m;IL-2M type 3
il-4;IL-4
ju-87b-2;Ju 87 B-2
ju-87d-3;Ju 87 D-3
ju-87d-3_italy;Ju 87 D-3 (Italy)
ju-87r-2_italy;Ju 87 R-2 (Italy)
ju-87r-2_snake;Ju 87 R-2 Libya
ju-87g_2;Ju 87 G-2
la-5fn;La-5FN
la-5fn_luftwaffe;La-5FN (Germany)
la-7;La-7
mc-202;C. 202 (Germany)
me-163b;Me 163 B
me-163b-0;Me 163 B-0
me-262a-1a;Me 262 A-1a
me-262a-1a_early;Me 262 A-1a/Jabo
p-47d;P-47D-25
p-47d_22_re;P-47D-22-RE
p-47d_30_italy;P-47D-30 (Italy)
thunderbolt_mk1;Thunderbolt Mk.1 (Great Britain)
p-47d_16_re_germany;P-47D-16-RE (Germany)
p-47d_luftwaffe;P-47D (Germany)
f-84f_germany;F-84F (Germany)
p-51b;Mustang Mk IA (Great Britain)
p-51b_7_sweden;J26 David
p-51c-10-nt;P-51C-10
p-51c-10_france;F-6C-10-NA
p-51c-11-nt_japan;P-51C-11-NT (Japan)
p-51d-5;P-51D-5
mbr-2;MBR-2-M-34
po-2;Po-2
po-2m;Po-2M
spitfiremkiia;Spitfire Mk IIa
spitfiremkiia_ep;Spitfire Mk.IIa Venture I
spitfiremkii;Spitfire Mk IIb
spitfire_ix_early;Spitfire F Mk IX
spitfire_mk9c_4cannons;Spitfire F Mk IXc
spitfire_ix;Spitfire LF Mk IX
spitfire_ix_usa;Spitfire LF Mk IXc (USA)
spitfire_xvi;Spitfire F Mk XVI
spitfire_lf_mk9e_weisman;Spitfire LF Mk.IXe Weizman's (Israel)
spitfire_lf_mk9e_iaf;Spitfire Mk.IX (CW) (Israel)
spitfire_mk9c_iaf;Spitfire Mk IXc (Israel)
ta-152h-1;Ta 152 H-1
yak-1b;Yak-1B
yak-3;Yak-3
yak-3t;Yak-3T
yak-9t;Yak-9T
yak-9t_france;Challe's Yak-9T (France)
p-47d_22_re_france;P-47D-22-RE (France)
yak-3u;Yak-3U
yak-7b;Yak-7B
lagg-3-35;LaGG-3-35
p-40e;P-40E-1
p-40e_td;P-40E-1 TD
p-40c;P-40C
p-40c_china;H-81A-2
p-39n_su;Pokryshkin's P-39N-0 (USSR)
ju-88a-4;Ju 88 A-4
ju-88c-6;Ju 88 C-6
a6m2_n_zero;A6M2-N
a6m2_zero;A6M2
a6m3_zero;A6M3
a6m5_zero;A6M5
b_24d;B-24D-25-CO
pb4y-2;PB4Y-2
pb4y-2_china;PB4Y-2 (China)
b5n2;B5N2
b6n1;B6N1 Model 11
b6n2;B6N2 Model 12
b6n2a;B6N2a Model 12Ko
beaufighter_mk1_40mm;Beaufighter Mk I (40-mm)
beaufighter_mk21;Beaufighter Mk 21
beaufighter_mk6c;Beaufighter Mk VIc
beaufighter_mkx;Beaufighter Mk X
beaufort_mkviii;Beaufort Mk VIII
boomerang_mki;Boomerang Mk I (Great Britain)
boomerang_mkii;Boomerang Mk II (Great Britain)
d3a1;D3A1
f4f-4;F4F-4
f4f-4_martlet_mk4;Martlet Mk IV (Great Britain)
f2g-1;F2G-1
f4u-1a;F4U-1A
f4u-1c;F4U-1C
f4u-4;F4U-4
f4u-4b;F4U-4B
f4u-4b_vmf_214;F4U-4B VMF-214
f4u-1d;F4U-1D
f4u-6_au-1;AU-1
f4d_1;F4D-1
f6f-3;F6F-5
fiat_cr42;CR.42 (Germany)
fiat_g50_seria2;G.50 serie 2 (Germany)
fiat_g50_seria7as;G.50 AS serie 7 (Germany)
g4m1;G4M1
gladiator_mk2;Gladiator Mk II
gladiator_j8a;J8A
hs-129b-2;Hs 129 B-2
hurricane_mk1;Hurricane Mk I/L
hurricane_mk1_late_ep;Hurricane Mk.I/L FAA M
ki_43_3_otsu;Ki-43-III otsu
ki_43_2;Ki-43-II
ki_61_1a_hei;Ki-61-I hei
ki_61_1a_hei_ep;Ki-61-I hei Tada's
ki_61_1a_ko;Ki-61-I ko
ki_61_1a_otsu;Ki-61-I otsu
lancaster_mk3;Lancaster B Mk III
lancaster_mr7_france;Lancaster MR.7
mc200_serie3;C. 200 serie 3 (Germany)
mc200_serie7;C. 200 serie 7 (Germany)
mosquito_fb_mk6;Mosquito FB Mk VI
mosquito_fb_mk26_china;Mosquito FB.Mk.26
hornet_mk1;Hornet Mk.I
hornet_mk3;Hornet Mk.III
yp-38;YP-38
p-38g;P-38G-1
p-39k_1;P-39K-1 (USSR)
p-39n;P-39N-0
p-39q_15;P-39Q-15 (USSR)
p-39q_5;P-39Q-5
p-39q_25_france;P-39Q-25 (France)
sbd-3;SBD-3
spitfire_mk1;Spitfire Mk Ia
swordfish_mk1;Swordfish Mk I
swordfish_mk2;Swordfish Mk II
tbf-1c;TBF-1C
tempest_mk2;Tempest Mk II
tempest_mkv;Tempest Mk V
tempest_mkv_vikkers;Tempest Mk V (Vickers P)
wirraway;Wirraway (Great Britain)
ju-87r-2;Ju 87 R-2
f4f-3;F4F-3
spitfire_mk5b;Spitfire Mk Vb/trop
spitfire_mk5b_notrop;Spitfire Mk Vb
spitfire_mk5c_notrop;Spitfire Mk Vc
spitfire_mk5b_italy;Spitfire Mk Vb/trop (Italy)
spitfire_mk5c;Spitfire Mk Vc/trop
bf-109f-4_trop;Bf 109 F-4/trop
os2u_1;OS2U-1
os2u_3;OS2U-3
f2a-3;F2A-3
f2a-1;F2A-1
o3u_1;O3U-1
b-17e;B-17E
b-17e_late;B-17E/L
h8k2;H8K2
h6k4;H6K4
pby-5;PBY-5 Catalina
pby-5a;PBY-5A Catalina
pby-5a_late_france;PBY-5A Late (France)
pbm_1;PBM-1 "Mariner"
pbm_3;PBM-3 "Mariner"
a6m3_mod22_zero;A6M3 mod. 22
a6m3_mod22ko_zero;A6M3 mod. 22Ko
b-29;B-29A-BN
d_520;D.520 (Great Britain)
d_521;D.521 (Great Britain)
f1m2;F1M2
e7k2;E7K2
e8n2;E8N2
aichi_e13a;Aichi E13A1
osprey_mk4;Osprey Mk IV
walrus_mk1;Walrus Mk.I
soc_1;SOC-1
kor_1;KOR-1
fairey_3f_mk3b;Fairey IIIF Mk.IIIB
gl_832;GL.832HY
ro_43;Ro.43
f9f-2;F9F-2
f9f-5;F9F-5
la-9;La-9
itp_m1;ITP (M-1)
mig-9;MiG-9
bi;BI
su-8;Su-8
tu-1;Tu-1
tu-2;Tu-2S
tu-2_early;Tu-2
tu-2_postwar;Tu-2S-44
tu-2_postwar_late;Tu-2S-59
a-26c-45-dt;A-26C-45DT
b_26b_c;B-26B
b_26c_france;B-26C
a5m4;A5M4
n1k2_j;N1K2-J
n1k2_jko;N1K2-Ja
bb-1;BB-1
j8m1;Ki-200
ki-49_1;Ki-49-I
ki-49_2a;Ki-49-IIa
ki-49_2b;Ki-49-IIb
ki-49_2b_late;Ki-49-IIb/L
ki_67_1_otsu;Ki-67-I otsu
ki_67_1_ko;Ki-67-I Ko
b_10b;B-10B
a-26b;A-26B-50
a-26b_10;A-26B-10
p-63a-10;P-63A-10
p-63a-5;P-63A-5
p-63c-5;P-63C-5
p-63c-5_kingcobra_animal_version;Kingcobra (USA)
su-2_m82;Su-2 (M-82)
su-2_mv5;Su-2 MV-5
su-2_tss1;Su-2 TSS-1
su-7b;Su-7B
su-7bkl;Su-7BKL
su-7bmk;Su-7BMK
su_17m2;Su-17M2
su_17m4;Su-17M4
su_22m3;Su-22M3
su_22um3k;Su-22UM3K (Germany)
su_22m4;Su-22M4 (Germany)
su_25;Su-25
su_25k;Su-25K
su_25t;Su-25T
su_25tm;Su-39
su-9;Su-9
su-11;Su-11
typhoon_mk1a;Typhoon Mk Ia
typhoon_mk1b;Typhoon Mk Ib
typhoon_mk1b_late;Typhoon Mk Ib/L
wellington_mk1c;Wellington Mk Ic
shackleton_mr_mk_2;Shackleton MR.Mk.2
a_5c;A-5C
yah_64;YAH-64
f-104g_italy;F-104G (Italy)
ahs;AHS
saab_ja37;JA37C
saab_ja37d;JA37D
f-8e;F-8E
saab_aj37;AJ37
saab_ajs37;AJS37
f-8e_fn;F-8E(FN) (France)
mig_27m;MiG-27M
mig_27k;MiG-27K
saab_j35a;J35A
ju-87d-5;Ju 87 D-5
ju-87g_1;Ju 87 G-1
pe-2-1;Pe-2-1
mig-15;MiG-15bis
f-86a-5;F-86A-5
f-86f-2;F-86F-2
f-86f-25;F-86F-25
f-86f-35;F-86F-35
mig-9_ussr;MiG-9 (l)
er-2_ach30b_late;Yer-2 (ACh-30B) (l)
er-2_ach30b_early;Yer-2 (ACh-30B) (e)
er-2_m105_mv3;Yer-2 (M-105)
er-2_m105_tat;Yer-2 (M-105) TAT
er-2_m105r_lu2b;Yer-2 (M-105R) LU
er-2_m105r_tat;Yer-2 (M-105R) TAT
me-410a-1;Me 410 A-1
p-26a_33;P-26A-33
p-26a_34;P-26A-34
p-26a_34_m2;P-26A-34 M2
p-26b_35;P-26B-35
meteor_fmk3;Meteor F Mk 3
meteor_fmk3_navy;Sea Meteor F Mk 3
meteor_fmk4_lw;Meteor F Mk 4 G.41F
meteor_fmk4_sw;Meteor F Mk 4 G.41G
hellcat_fmk1;Hellcat Mk II (Great Britain)
intruder_mk_1;Havoc Mk I (Great Britain)
boston_mk_1;Boston Mk I (Great Britain)
db_7;DB-7 (Great Britain)
fw-190a-5_japan;Fw 190 A-5 (Japan)
ki_61_1a_otsu_usa;Ki-61-Ib (USA)
pby-5a_ussr;PBY-5A Catalina (USSR)
fw-190d-13;Fw 190 D-13
a6m2_zero_usa;A6M2 (USA)
p-40e_ussr;P-40E-1 (USSR)
me-410a-1_u2;Me 410 A-1/U2
me-410a-1_u4;Me 410 A-1/U4
me-410b-1;Me 410 B-1
me-410b-1_u2;Me 410 B-1/U2
me-410b-2_u4;Me 410 B-2/U4
me-410b-6_r3;Me 410 B-6/R3
a6m5ko;A6M5 Ko
a6m5hei;A6M5 Hei
a6m6c;A6M6c
p-38g_metal;XP-38G
bf-109f-4_usa;Bf 109 F-4 (USA)
wellington_mk1c_late;Wellington Mk Ic/L
wellington_mk3;Wellington Mk III
wellington_mk10;Wellington Mk X
do_217e_2;Do 217 E-2
p-63a-10_ussr;P-63A-10 (USSR)
p-63a-5_ussr;P-63A-5 (USSR)
p-63c-5_ussr;P-63C-5 (USSR)
sb_2m_100;SB 2M-100
sb_2m_103_mv3;SB 2M-103 MV-3
sb_2m_103c;SB 2M-103
sb_2m_103u;SB 2M-103U
sb_2m_103u_mv3;SB 2M-103U MV-3
sb_2m_105;SB 2M-105
ki_10_2_commander;Ki-10-II C
he_112a_0;He 112 A-0
he_112v_5;He 112 V-5
ar_2;Ar-2
sm_79_1936;S.M.79 serie 1 (Germany)
sm_79_1937;S.M.79 serie 4 (Germany)
sm_79_1939;S.M.79 serie 8 (Germany)
sm_79_1941;S.M.79 AS (Germany)
sm_79_1942;S.M.79 bis/N (Germany)
sm_79_1943;S.M.79 bis/T.M (Germany)
sm_79_iar;S.M.79 B (Germany)
do_217e_4;Do 217 E-4
do_217j_1;Do 217 J-1
do_217j_2;Do 217 J-2
ki_10_1;Ki-10-I
ki_10_1_commander;Ki-10-I C
ki_10_2;Ki-10-II
pe-2-31;Pe-2-31
pe-2-83;Pe-2-83
pe-2-110;Pe-2-110
pe-2-205;Pe-2-205
pe-2-359;Pe-2-359
pe-2-359_china;Pe-2-359
he51a1;He 51 A-1
he51b_2w;He 51 B-2/H
he51b1;He 51 B-1
he51c1;He 51 C-1
he51c1_late;He 51 C-1/L
pe-3;Pe-3
i_29;I-29
yak-4;Yak-4
yak_2_kabb;Yak-2 KABB
pe-3_bis;Pe-3bis
pe-3_early;Pe-3 (e)
gladiator_mk2_silver;Gladiator Mk IIS
gladiator_mk2_france;Gladiator Mk IIF
a-26c;A-26C-45
f4u-1a_japan;F4U-1A (Japan)
wellington_mk1c_luftwaffe;Wellington Mk Ic (Germany)
b_25j_1;B-25J-1
b_25j_20;B-25J-20
b_25j_30_china;B-25J-30 (China)
cw_21;CW-21
p-66;P-66
v_11g;V-11
v_12d;V-12D
b_25j_30_vvs_ussr;B-25J-30 (USSR)
do_217k_1;Do 217 K-1
do_217m_1;Do 217 M-1
fury_mk1;Fury Mk I
fury_mk2;Fury Mk II
he_112b_0;He 112 B-0
he_112b_1;He 112 B-1/U2
he_112b_1_italy;He 112 B-1/U2
he_112b_2;He 112 B-2/U2
meteor_fmk8;Meteor F Mk 8 G.41K
meteor_fmk8_iaf;Meteor F.8 (Israel)
meteor_nfmk13;Meteor NF.13 (Israel)
meteor_fmk8_reaper;Meteor F Mk.8 Reaper
nimrod_mk1;Nimrod Mk I
nimrod_mk2;Nimrod Mk II
yak-15;Yak-15
yak-15_early;Yak-15P
yak-9p;Yak-9P
do_217n_1;Do 217 N-1
do_217n_2;Do 217 N-2
xp-50;XP-50
xp-55;XP-55
ki-45_ko;Ki-45 ko
ki-45_otsu;Ki-45 otsu
ki-45_hei;Ki-45 hei
ki-45_tei;Ki-45 tei
p-47d-28;P-47D-28
f-80;F-80C-10
d_510c;D.510C
mig-15_ns23;MiG-15
mig-15bis_nr23_china;J-2
mig-17_china;J-4
mig-19j_6a;J-6A
j_7_mk2;J-7II
j_7e;J-7E
j_7d;J-7D
j_8b;J-8B
j_8f;J-8F
q_5_early;Q-5 early
q_5a;Q-5A
q_5l;Q-5L
mig-9_china;MiG-9 (China)
mig-9_late_china;MiG-9 (l) (China)
tu-2_postwar_china;Tu-2S-44 (China)
p-51d-20-na;P-51D-20-NA
p-51d-20-na_iaf;P-51D-20-NA (Israel)
bf-109z;Bf 109 Z-1
ki_32;Ki-32
f-84g_france;F-84G-26-RE (France)
f-84f_france;F-84F (France)
iar_81c;IAR-81C
p-40f-5_france_ep;P-40F-5 Lafayette (France)
p-40f_10;P-40F-10
leo_451_late;LeO 451 late
a_4b;A-4B
a_4e_early;A-4E Early
a_4e_late_iaf;A-4E (Israel)
a_4e_early_iaf;A-4E Early (M) (Israel)
a_7d;A-7D
a_7e;A-7E
a_7k;A-7K
a_6e_tram;A-6E TRAM
a_4h;A-4H (Israel)
f8u-2;F8U-2
f11f_1_late;F11F-1
a_4n;Ayit
fj_4b;FJ-4B
fj_4b_agm_12b;FJ-4B VMF-232
f4u-7;F4U-7
g5n1;G5N1
g8n1;G8N1
mig_3_series_1_15;MiG-3-15
mig_3_series_1_15_bk_pod;MiG-3-15 (BK)
i-15bis;I-15bis
i-15bis_krasnolutsky;Krasnolutsky's I-15bis
i-153_m62_zhukovskiy;Zhukovsky's I-153-M62
gladiator_mk2_tuck;Tuck's Gladiator Mk II
fiat_cr42_marcolin;Marcolin's C.R.42 CN (Germany)
f2a-1_thach;Thach's F2A-1
a5m4_hagiri;Hagiri's A5M4
h-75a-2_finland;Hawk H-75A-2 (Germany)
p-36a;P-36A
p-36a_rasmussen;Rasmussen's P-36A
p-36c;P-36C
p-36c_rb;○P-36C
p-36g;P-36G
lagg-3-11;LaGG-3-11
lagg-3-23;LaGG-3-23
lagg-3-34;LaGG-3-34
lagg-3-4;LaGG-3-4
lagg-3-66;LaGG-3-66
lagg-3-8;LaGG-3-8
la-7b-20;La-7B-20
la-5_type37_early;La-5
la-5_type39;La-5F
yak-9k;Yak-9K
lagg-i-301;I-301
vampire_fb5;Vampire FB 5
vampire_fb52a_italy;Vampire FB 52A
yak-17;Yak-17
btd-1;BTD-1
xf5f;XF5F
f8f1;F8F-1
f8f1b;F8F-1B
p-51d-30_usaaf_korea;P-51D-30
tb_3_m17_32;TB-3M-17-32
ki-96;Ki-96
yak-3p;Yak-3P
ki_102_otsu;Ki-102 otsu
yak-9u;Yak-9U
yak-9ut;Yak-9UT
a6m5otsu;A6M5 otsu
ki_84_ko;Ki-84 ko
ki_84_ko_china;Ki-84 ko (China)
ki_84_otsu;Ki-84 otsu
ki_84_hei;Ki-84 hei
fw-190d-9_ussr;Fw 190 D-9 (USSR)
i_185_m82;I-185 (M-82)
i_225;I-225
p-400;P-400
hs-129b-3;Hs 129 B-3
b7a2;B7A2
a7he1;A7He1
f-80a;F-80A-5
f-84b;F-84B-26
f-82e;F-82E
me-262a-1a_u4;Me 262 A-1/U4
me-262c-2b;Me 262 C-2b
f-86_canadair_german;CL-13A Mk 5 (Germany)
f-86_cl_13_mk4_italy;CL-13 Mk.4
f-86_cl_13b_mk6;CL-13B Mk.6 (Germany)
fw-190a-1;Fw 190 A-1
mig-15bis_nr23_german;MiG-15bis (Germany)
il_28_german;IL-28 (Germany)
la_174;La-174
mosquito_fb_mk18;Mosquito FB Mk XVIII
spitfire_mk14e;Spitfire F Mk XIVe
spitfire_mk14c;Spitfire F Mk XIVc
spitfire_mk18e;Spitfire F Mk XVIIIe
spitfire_f22;Spitfire F Mk 22
spitfire_f24;Spitfire F Mk 24
f-86f-30_japan;F-86F-30 (Japan)
f-86f-40_japan;F-86F-40 (Japan)
f-86f-40_japan_blue_impulse;F-86F-40 JASDF (Japan)
t2_early;T-2 Early
t2;T-2
f1;F-1
la-15;La-15
i-16_type24;I-16 type 24
i-16_type27;I-16 type 27
a6m2_mod11;A6M2 mod. 11
me-262c-1a;Me 262 C-1a
avenger_mk1;Avenger Mk II (Great Britain)
f4u-1a_usmc;F4U-1A (USMC)
spitfire_ix_ussr;Spitfire Mk IXc (USSR)
pbj_1h;PBJ-1H
pbj_1j;PBJ-1J
i_185_m71_standard;I-185 (M-71)
il-10_1946;IL-10 (1946)
mig_3_series_34;MiG-3-34
hs-129b-2_romania;Hs 129 B-2 (Romania)
hs-129b-2_romania_italy;Hs 129 B-2 (Romania)
il-2m_mstitel;IL-2M "Avenger"
bf-109g-2_romania;Bf 109 G-2
bf-109g-2_hungary;Bf 109 G-2 (Italy)
ki-27_otsu;Ki-27 otsu
ki-27_otsu_ep;Ki-27 otsu Tachiarai
fw-190a-4;Fw 190 A-4
go229_v3;Ho 229 V3
kitsuka;Kikka
r2y2_kai;R2Y2 Kai V3
r2y2_v1;R2Y2 Kai V1
r2y2_v2;R2Y2 Kai V2
yak-9;Yak-9
yak-1_early;Yak-1
ki_43_1;Ki-43-I
f7f1;F7F-1
b-17e_japan;B-17E (Japan)
j2m3;J2M3
j7w1;J7W1
buccaneer_s1;Buccaneer S.1
buccaneer_s2;Buccaneer S.2
canberra_bmk2;Canberra B Mk 2
b-57;B-57A
f-105d;F-105D
pby-5a_raf;Catalina Mk IIIa (Great Britain)
yak-1b_luftwaffe;Yak-1B (Germany)
tempest_mkv_luftwaffe;Tempest Mk V (Germany)
i-16_type5;I-16 type 5
ki_43_2_late;Ki-43-II (USA)
fw-190a-8_usa;Fw 190 A-8 (USA)
p-47d_ussr;P-47D-27 (USSR)
venom_fb4;Venom FB.4
lancaster_mk1;Lancaster B Mk I
canberra_bimk6;Canberra B (I) Mk 6
i-16_type10;I-16 type 10
i-16_type10_china;I-16 type 10 (China)
f2h-2;F2H-2
f3h-2;F3H-2
j2m4_kai;J2M4 Kai
bf-109g-14;Bf 109 G-14
b-57b;B-57B
fw_200c_1;Fw 200 C-1
il_2_1941;IL-2 (1941)
j2m2;J2M2
firefly_mk1;Firefly F Mk I
seafire_fr47;Seafire FR 47
seafire_mk17;Seafire F Mk XVII
seafire_mk3;Seafire LF Mk.III
seafire_mk3_france;Seafire LF Mk.III (France)
attaker_fb1;Attacker FB 1
attaker_fb2;Attacker FB.2
yak-9m;Golovachev's Yak-9M
douglas_ad_2;AD-2
douglas_ad_4;AD-4
douglas_a_1h;A-1H
a2d;A2D-1
am_1_mauler;AM-1
sea_fury_fb11;Sea Fury FB 11
firefly_mk5;Firefly FR Mk V
ki_21_1ko;Ki-21-Ia
arado-234c-3;Ar 234 C-3
il_2_37_1943;IL-2-37
p-47m-1-re;P-47M-1-RE (USA)
p-47m-1-re_boxted;P-47M-1-RE
p-51d-10;P-51D-10
p-51_mk1a_usaaf;P-51
bf-109b_2;Bf 109 B-1
bf-109a_1;Flegel's Bf 109 A
la-7_dolgushin;Dolgushin's La-7
il_2m_1943;IL-2M (1943)
il_2_m82;IL-2 M-82
hurricane_mk1b;Sea Hurricane Mk IB
hurricane_mk1c;Sea Hurricane Mk IC
gladiator_mk2_navy;Sea Gladiator Mk I
spitfire_fr_mk14e;Spitfire FR Mk XIVe
il_2_1942_luftwaffe;IL-2 (1942) (Germany)
spitfire_ix_plagis;Plagis' Spitfire LF Mk IXc
j2m5;J2M5
hurricane_mk4;Hurricane Mk IV
firebrand_tf4;Firebrand TF Mk IV
hurricanemkii_ussr;Hurricane Mk IIB (USSR)
yak-3_vk107;Yak-3 (VK-107)
p-51_a-36;A-36
sb2c_1c;SB2C-1C
j2m5_30mm;J2M5
do_17e_1;Do 17 E-1
ki_44_1;Ki-44-I
ki_44_1_ep;Ki-44-I 34
bf-109e-4;Bf 109 E-4
bf-109e-7;Bf 109 E-7/U2
yak-9b;Yak-9B
pe-8_m82;Pe-8
hunter_f1;Hunter F.1
hunter_f6;Hunter F.6
hunter_f9_rhodesia;Hunter FGA.9
hunter_f58_switzerland;Hunter F.58 (Germany)
p-38e;P-38E
p-38k;P-38K
p-38l;P-38L-5-LO
p-38l_1_china_rocaf;P-38L-1 (China)
do_17z_2;Do 17 Z-2
do_17z_7;Do 17 Z-7
sb2c_4;SB2C-4
p-51a_tl;P-51A
tbd-1_1938;TBD-1
p-38j;P-38J-15
a7m1;A7M1 (NK9H)
po-2_nw;Po-2 Night Witch
a7m2;A7M2
ki_61_1a_tei;Ki-61-I tei
bf2c_1;BF2C-1
f3f-2;F3F-2
f3f-2_galer;Galer's F3F-2
mig-17;MiG-17
mig-19pt;MiG-19PT
mig-19s;MiG-19S (Germany)
mig-17p_lim_5p;Lim-5P (Germany)
stirling_mk1;Stirling B Mk I
stirling_mk3;Stirling B Mk III
ki_44_2_otsu;Ki-44-II otsu
ju-88a-1;Ju 88 A-1
ki_44_2_hei;Ki-44-II hei
ki_44_2_hei_china;Ki-44-II hei (China)
gladiator_mk1_china;Gladiator Mk I (China)
i-15bis_china;I-15bis (China)
i-153_m62_china;I-153 M-62 (China)
i-16_type5_1935_china;I-16 type 5 (China)
i-16_chung_28;I-16 Chung 28 (China)
sb_2m_103u_china;SB 2M-103U (China)
p-40e_china;P-40E-1 (China)
ki-27_otsu_china;Ki-27 otsu (China)
hawk_iii;Hawk III
p-43a-1_china;P-43A-1 (China)
p-43a-1;P-43A-1
ki_43_3_ko;Ki-43-III ko (China)
ki-45_hei_tei_china;Ki-45 hei/tei (China)
a6m2_zero_china;A6M2 (China)
a6m5_zero_china;A6M5 (China)
p-47d_23_ra_china_rocaf;P-47D-23-RA (China)
p-47d_30_china;P-47D-30 (China)
ki_61_1a_otsu_china;Ki-61-I otsu (China)
p-51d-20_china;P-51D-20 (China)
p-51k;P-51K (China)
la-9_china;La-9 (China)
il-10_1946_china;IL-10 (1946) (China)
f-86f-30_china;F-86F-30 (China)
f-86f-40_china;F-86F-40 (China)
il_28_china;H-5
do_335a_0;Do 335 A-0
do_335a_1;Do 335 A-1
do_335b_2;Do 335 B-2
p-61a_1;P-61A-11
p-61c_1;P-61C-1
ki-83;Ki-83
sea_venom_faw20;Sea Venom FAW 20
scimitar_f1;Scimitar F Mk.1
ta-152c;Ta 152 C-3
fw-189a-1;Fw 189 A-1
sunderland_mk3a;Sunderland Mk IIIa
yak-30d;Yak-30D
yak-38;Yak-38
yak-38m;Yak-38M
yak-28b;Yak-28B
yak_141;Yak-141
h8k3;H8K3
p-38j_marge;Bong's P-38J-15
halifax_mk3;Halifax B Mk IIIa
hs-123a-1;Hs 123 A-1
hs-123a-1_china;Hs 123 A-1 (China)
n1k1_ja;N1K1-Ja
b_18a;B-18A
wyvern_s4;Wyvern S4
ki_61_2_early;Ki-61-II Otsu Kai
he_219a_7;He 219 A-7
tu_4;Tu-4
tu_4_china;Tu-4 (China)
he-162a-1;He 162 A-1
spitfire_mk9b;Spitfire Mk IXb
ki_100_early;Ki-100
p-47n-15;P-47N-15
f7f3;F7F-3
hudson_mk_v;Hudson Mk V (Great Britain)
su-6_m71;Su-6 (M-71F)
p1y1_mod11;P1Y1 mod. 11
p1y1_mod11_china;P1Y1 mod. 11 (China)
f9f-8;F9F-8
ki_87;Ki-87
ki_94_2;Ki-94-II
brigand_b1;Brigand B 1
j1n1_mod11_early;J1N1
bv-238;BV 238
tu_14t;Tu-14T
bv-138c-1;BV 138 C-1
bv-155b-1;BV 155 B-1
b_34;B-34
pv_2d;PV-2D
he_100d_1;He 100 D-1
sunderland_mk5;Sunderland Mk V
ki_21_1hei;Ki-21-I hei
la-11;La-11
la-11_china;La-11 (China)
ki_100_2;Ki-100-II
ta_154a_1;Ta 154 A-1
f6f-5n;F6F-5N
n1k1_kyuofu;N1K1
hp52_hampden_mk1_late;Hampden Mk I
hp52_hampden_tbmk1;Hampden TB Mk I
hp52_hampden_tbmk1_ussr_utk1;Hampden TB Mk I (USSR)
me-262a-2a;Me 262 A-2a
lincoln_b2;Lincoln B Mk II
db_3b;DB-3B
db_3a_china;DB-3A (China)
br_20_dr;B.R.20DR
br_20m_m1;B.R.20M M1
sm_79_1936_italy;S.M.79 serie 1
sm_79_1939_italy;S.M.79 serie 8
sm_79_1941_italy;S.M.79 AS
sm_79_1943_italy;S.M.79 bis/T.M
sm_79_iar_italy;S.M.79 B
mc-202_italy;C. 202
mc-202_ec;C. 202EC
mc-202_d;C. 202D
s_81_ar125;S.81
mc200_serie3_italy;C. 200 serie 3
mc200_serie7_italy;C. 200 serie 7
fiat_cr42_italy;CR.42
fiat_g50_seria2_italy;G.50 serie 2
fiat_g50_seria7as_italy;G.50 AS serie 7
fiat_cr42_marcolin_italy;Marcolin's C.R.42 CN
cr_32;CR.32
cr_32_bis;CR.32 bis
cr_32_quater;CR.32 quater
ro_44;Ro.44
g_55_serie1;G.55 serie 1
g_55_serie1_ss0;G.55 sottoserie 0
g_55s;G.55S
breda_88;Breda 88 (P.XI)
fc_20_bis;F.C.20 Bis
ro_57_quadriarma;Ro.57 Quadriarma
z_1007_bis_serie5;Z.1007 bis serie 5
z_1007_bis_serie3;Z.1007 bis serie 3
fiat_g91_ps;G.91 pre-serie
fiat_g91_r1;G.91 R/1
fiat_g91_r4;G.91 R/4
fiat_g91_y;G.91 Y
fiat_g91_ys;G.91 YS
re_2000_int;Re.2000 serie 1
re_2000_ga;Re.2000 G.A.
re_2000_ga_ep;Re.2000 G.A. Red 5
re_2001_serie1;Re.2001 serie 1
re_2001_serie1_ep;Re.2001 gruppo 22
re_2001_cb;Re.2001 CB
re_2001_cn;Re.2001 CN
re_2002_early;Re.2002 Early
re_2005_serie0;Re.2005 serie 0
sm_91;SM.91
sm_92;SM.92
sagittario_2;Sagittario 2
ariete;Ariete
p_108a_serie2;P.108A serie 2
p_108b_serie1;P.108B serie 1
p_108b_serie2;P.108B serie 2
f-84g_italy;F-84G-21-RE (Italy)
f-84f_italy;F-84F (Italy)
f-84f;F-84F
f-84g;F-84G-21-RE
f-84g_china;F-84G-21-RE (China)
f-84g-31-re_china;F-84G-31-RE (China)
g_56;G.56
ba_65_k14_l;Ba.65 (K.14) L
mc-205_serie3;C. 205 serie 3
mc-205_serie1;C. 205 serie 1
mc-205_n2;C. 205N2
bf-109g-14as;Bf 109 G-14/AS (Italy)
p-51h-5_na;P-51H-5-NA
ki_109;Ki-109
corsair_fmk2;Corsair F Mk II (Great Britain)
d4y1;D4Y1
d4y2;D4Y2
d4y3;D4Y3 Ko
xa_38;XA-38
a-35b;A-35B (France)
so_4050_vautour_2a;S.O.4050 Vautour IIA
so_4050_vautour_2n;S.O.4050 Vautour IIN
so_4050_vautour_2a_iaf;Vautour IIA IDF/AF
so_4050_vautour_2n_late;S.O.4050 Vautour IIN (late)
so_4050_vautour_2a_israel_iaf;Vautour IIA (Israel)
so_4050_vautour_2n_iaf;Vautour IIN (Israel)
f-84f_iaf;F-84F IAF
f-84f_israel_iaf;F-84F (Israel)
so_4050_vautour_2b;S.O.4050 Vautour IIB
d_520_france;D.520
p-63c-5_france;P-63C-5 (France)
douglas_ad_4_france;AD-4 (France)
douglas_ad_4na_france;AD-4NA (France)
f8f1b_france;F8F-1B (France)
so_8000_narval;S.O.8000 Narval
pb4y-2_france;PB4Y-2 (France)
sb2c_5_france;SB2C-5 (France)
f6f-5_france;F6F-5 (France)
f6f-5n_france;F6F-5N (France)
d_371;D.371
d_500;D.500
d_501;D.501
d_510;Pallier's D.510
mb_162;M.B.162
mb_174_a3;M.B.174A-3
d_373;D.373
d_371_hs9;D.371 H.S.9
leo_451_early;LeO 451 early
f_222_2;F.222.2
potez_630;Potez 630
potez_631;Potez 631
potez_633;Potez 633
br_693_ab2;Br.693AB2
mb_157;M.B.157
ms_410c1;M.S.410
vb_10_02;VB.10-02
vb_10c1;VB.10C-1
vg_33;V.G.33C-1
nc_223_3;N.C.223.3
md_452_mystere_2a;M.D.452 IIA
etndard_4m;Etendard IVM
md_460;Super Mystere B2
md_460_sambad;Sambad
md_460_saar;Sa'ar
f-104s_cb;F-104S TAF (Italy)
f-104s;F-104S
f-104s_asa;F-104S.ASA
f-104a;F-104A
f-104c;F-104C
f-104a_china;F-104A (China)
f-104g_china;F-104G (China)
f-104j;F-104J
f-104g;F-104G (Germany)
f-5a_china;F-5A (China)
f-5c;F-5C
f-5e;F-5E
f-5e_aidc;F-5E (China)
f-5a;F-5A
mirage_milan;Milan
mirage_3c;Mirage IIIC
mirage_3e;Mirage IIIE
mirage_3cj;Shahak
kfir_canard;Kfir Canard
kfir_c2;Kfir C.2
kfir_c7;Kfir C.7
mirage_5f;Mirage 5F
mirage_f1c_200;Mirage F1C-200
mirage_f1c;Mirage F1C
mirage_f1ct;Mirage F1CT
mirage_2000c_s5;Mirage 2000C-S5
mirage_2000_5f;Mirage 2000-5F
mirage_2000d_r1;Mirage 2000D-R1
caudron_cr714;C.R.714
md_450b_barougan;M.D.450B Barougan
md_450b_ouragan;M.D.450B Ouragan
md_450b_ouragan_iaf;M.D.450B Ouragan (Israel)
f3d_1;F3D-1
sb2u-3;SB2U-3
sb2u-2;SB2U-2
v_156_f;V-156-F
v_156_b1;V-156-B1
whirlwind_mk1;Whirlwind Mk I
whirlwind_p9;Whirlwind P.9
tandem_mai;Tandem MAI
h-75a-1_france;H-75A-1
h-75a-4_france;H-75A-4
ms_405c1;M.S.405C1
ms_406c1;M.S.406C1
vl_myrsky_2_late;VL Myrsky II
morko_morane;Mörkö-Morane
fokker_d21_mod20;Fokker D.XXI (Sweden)
fokker_d21_serie3_finland;Fokker D.XXI-3 (Sweden)
b_239_finland;B-239 (Sweden)
hurricane_mk1_late_finland;Hurricane Mk I/L (Sweden)
bf-109g-2_finland;Bf 109 G-2 (Sweden)
bf-109g-6_erla_finland;Bf 109 G-6 Erla (Sweden)
vampire_fb52_finland;Vampire FB 52A (Sweden)
ju-88a-4_finland;Ju 88 A-4 (Sweden)
hunter_f50_sweden;J34
mig_21_bis_finland;MiG-21bis (Sweden)
yak-23;Yak-23
he-177a-5;He 177 A-5
mb_5;MB.5
la_200_toriy;La-200
maryland_mk1_france;Martin 167-A3
yak-3_france;Yak-3 (France)
md_452_mystere_2c_preproduction;M.D.452 IIC
md_454_mystere_4a;Mystere IVA
md_454_mystere_4a_iaf;Mystere IVA (Israel)
ki_108;Ki-108 Kai
mi_24v;Mi-24V
mi_24d;Mi-24D (USSR)
mi_4av;Mi-4AV
ah_1f;AH-1F
uh_1c;UH-1C
uh_1c_xm_30;UH-1C XM-30
mi_24a;Mi-24A
mi_24p;Mi-24P
mi_35m;Mi-35M
z_9w;Z-9W
z_9wa;Z-9WA
z_10;Z-10
z_11wa;Z-11WA
z_19;Z-19
z_19e;Z-19E
ah_1z;AH-1Z
uh_1b;UH-1B
uh_1b_japan;UH-1B (Japan)
ah_1g;AH-1G
ah_1g_iaf;Tzefa A
md_500_tow_late;Lahatut
ah_1q_iaf;Tzefa B
ah_1f_iaf;Tzefa D/E
hkp2;HKP2
hkp3c;HKP3C
hkp9a_cb2;HKP9A
hkp9a_cb3_fc;HKP9A (FC)
ju-288c;Ju 288 C
ju-188a-2;Ju 188 A-2
mb_175t;M.B.175T
uh_1d;UH-1D (Germany)
mi_24p_german;Mi-24P (Germany)
sa_313b;SA 313B Alouette II (Germany)
bo_105cb2;BO 105 CB-2
bo_105pah1;BO 105 PAH-1
bo_105pah1_a1;BO 105 PAH-1A1
mig-15bis_ish;MiG-15bis ISH
f-100a_china;F-100A (China)
f-100d;F-100D
f-100d_france;F-100D (France)
mb_152c1;M.B.152C1
late_298d;Late 298D
javelin_fmk9;Javelin F.(A.W.) Mk.9
lightning_f6;Lightning F.6
lightning_f53;Lightning F.53
jaguar_gr1;Jaguar GR.1
jaguar_gr1a;Jaguar GR.1A
jaguar_e;Jaguar E
jaguar_a;Jaguar A
sea_hawk_fga6;Sea Hawk FGA.6
sea_hawk_mk100;Sea Hawk Mk.100 (Germany)
sa_313b_france;SA 313B Alouette II
sa_316b;SA 316B Alouette III
iar_316b;IAR 316B
sa_341f;SA.341F Gazelle
sa_342l_china;SA.342L Gazelle
sa_342m;SA.342M Gazelle
h_34_france;H-34 (France)
h_34;H-34
b_48_firecrest;Firecrest
i_180;I-180S
ju-388j;Ju 388 J
me_264;Me 264
f-86k_late;F-86K (France)
f-86k_late_italy;F-86K (Italy)
f-86k_late_german;F-86K (Germany)
j5n1;J5N1
ah_1s;AH-1S Kisarazu
ah_1s_early;AH-1E (Japan)
ah_1s_late;AH-1S
p-59a;P-59A
fiat_g91_r3;G.91 R/3 (Germany)
fiat_g91_r4_german;G.91 R/4 (Germany)
mig-21_f13;MiG-21F-13
mig-21_mf;MiG-21MF (Germany)
mig-21_smt;MiG-21SMT
mig-21_s;MiG-21S (R-13-300)
mig-21_bis;MiG-21bis
mig-21_pfm;MiG-21PFM
mig-21_sps_k;MiG-21 SPS-K (Germany)
mig-21_bis_sau;MiG-21bis-SAU (Germany)
mig-21_bis_lazur;MiG-21 "Lazur-M" (Germany)
mig_23m;MiG-23M
mig_23bn;MiG-23BN (Germany)
mig_23mf_germany;MiG-23MF (Germany)
mig_23mla;MiG-23MLA (Germany)
mig_23mld;MiG-23MLD
mig_23ml;MiG-23ML
mig_29_9_13;MiG-29
mig_29_9_12_germany;MiG-29 (Germany)
f-4c;F-4C Phantom II
f-4e;F-4E Phantom II
f-4e_iaf;Kurnass
f-4e_kurnass_2000;Kurnass 2000
f-4f;F-4F Early (Germany)
f-4f_late;F-4F (Germany)
f-4ej;F-4EJ Phantom II
f-4ej_adtw;F-4EJ ADTW
f-4j;F-4J Phantom II
f-4s;F-4S Phantom II
f-4m_fgr2;Phantom FGR.2
f-4ej_kai;F-4EJ Kai Phantom II
f-4k;Phantom FG.1
f-4jk;F-4J(UK) Phantom II
f_14a_early;F-14A Early
f_14b;F-14B
f_16a_block_10;F-16A
f_16a_block_15_adf;F-16A ADF
f_16a_block_15_adf_italy;F-16A ADF (Italy)
f_16a_block_10_iaf;Netz
f_16a_block_20_mlu;F-16A MLU (China)
f_16aj;F-16AJ
mi_24p_german_hfs80;Mi-24P HFS 80 (Germany)
g_lynx;G-LYNX
lynx_ah_mk1;Lynx AH.Mk.1
scout_ah_mk1;Scout AH.Mk.1
tiger_hap_france;EC-665 Tiger HAP
tiger_had_france;EC-665 Tiger HAD
wasp_has_mk1;Wasp HAS.Mk.1
tiger_uht;EC-665 Tiger UHT
swift_f1;Swift F.1
swift_f7;Swift F.7
tornado_gr1;Tornado GR.1
tornado_ids_de_mfg;Tornado IDS (Germany)
tornado_ids_it_mod95;Tornado IDS (1995) (Italy)
tornado_ids_de_assta1;Tornado IDS ASSTA1 (Germany)
tornado_f3;Tornado F.3
tornado_adv;Tornado ADV
harrier_gr1;Harrier GR.1
harrier_gr3;Harrier GR.3
harrier_gr7;Harrier GR.7
harrier_frs1;Sea Harrier FRS.1
av_8a;AV-8A
av_8c;AV-8C
a_29_hudson;A-29
f-89d;F-89D
f-89b;F-89B
mig-17_f5;Shenyang F-5
mig-17_cuba;MiG-17AS
martin_139wc;Martin 139WC
me-262a1_u1;Me 262 A-1a/U1
ka_29;Ka-29
ka_50;Ka-50
ka_52;Ka-52
mi_28a_sweden;Mi-28A
mi_28n;Mi-28N
mi_28nm;Mi-28NM
a_129_a;A-129 International (p)
a_129_cbt;A129CBT
t_129_atak;T129
ah_2_rooivalk;Rooivalk Mk1F CSH
a_109_eoa2;A.109EOA-2
ab_205a_1;AB 205 A-1
pyorremyrsky;VL Pyörremyrsky
saab_j29d;J29D
saab_j29f;J29F
saab_j29a;J29A
saab_j29b;A29B
saab_sk60b;SK60B
saab_105oe;SAAB-105OE
saab_105g;SAAB-105G
ffvs_j22_b;J22-B
saab_j21a_1;J21A-1
saab_j21a_2;J21A-2
saab_a21a_3;A21A-3
saab_a21rb;A21RB
saab_j21ra;J21RA
gladiator_j8a_iacobi;Iacobi's J8A
saab_b3c;B3C
j6b;J6B
fiat_cr42_j11;J11
ffvs_j22_a;J22-A
re_2000_j20;J20
p-51d-20-na_j26;J26
vampire_fb5_j28b;A28B
saab_b17a;B17A
saab_b17b;B17B
saab_b17bs;S17BS
saab_b18a;B18A
saab_b18b;B18B
saab_t18b_1;T18B
saab_t18b_2;T18B (57)
saab_j35xs;Saab J35XS
saab_j35d;J35D
saab_j32b;J32B
saab_a32a;A32A
j6k1;J6K1
ah_6m;AH-6M
ah_64d;AH-64D
ah_64d_i_saraph;Saraph
ah_64d_japan;AH-64DJP
ah_64a_peten;AH-64A Peten (USA)
ah_64a_iaf;Peten
ah_64a_peten_iaf;AH-64A Peten (Israel)
tis_ma;TIS MA
ah_mk1;AH Mk.1 Apache
ah_64a;AH-64A
ah_64a_greece_usa;AH-64A (GR)
nesher;Nesher
dh_110_sea_vixen;Sea Vixen F.A.W. Mk.2
dragonfly_a;TOPTER
dragonfly_h;TOPTER
dragonfly_99_na;Dragonfly AB-99 (N)
dragonfly_99_rda;Dragonfly AB-99 (R)
