a_10a_early;A-10A;6280;6.1
a_10a_late;A-10A Late;12410;3.1
douglas_a_1h;A-1H;3545;4.1
a-20g;A-20G-25;1048;0.8
a_20g_30_ussr;A-20G-30 (USSR);1363;3.4
saab_a21a_3;A21A-3;6916;2.2
saab_a21rb;A21RB;12048;2.9
a-26b_10;A-26B-10;3994;1.5
a-26b;A-26B-50;4627;1.7
a-26c;A-26C-45;8933;2.2
a-26c-45-dt;A-26C-45DT;5085;4.5
vampire_fb5_j28b;A28B;13326;3.8
a_29_hudson;A-29;690;0.6
saab_j29b;A29B;13432;3.8
a2d;A2D-1;4631;5.2
saab_a32a;A32A;12229;3.2
a-35b;A-35B (France);2240;1.5
p-51_a-36;A-36;833;0.6
a_4b;A-4B;11675;3.3
a_4e_late_iaf;A-4E (Israel);5949;6.8
a_4e_early;A-4E Early;11675;3.3
a_4e_early_iaf;A-4E Early (M) (Israel);11916;3.4
a_4h;A-4H (Israel);11738;3.2
a_5c;A-5C;6439;6.2
a5m4;A5M4;201;0.2
a_6e_tram;A-6E TRAM;6439;6.2
a6m2_zero;A6M2;2127;1.1
a6m2_zero_china;A6M2 (China);3576;3.6
a6m2_zero_usa;A6M2 (USA);5548;4.4
a6m2_mod11;A6M2 mod. 11;1753;1
a6m2_n_zero;A6M2-N;919;0.6
a6m3_zero;A6M3;2487;1.3
a6m3_mod22_zero;A6M3 mod. 22;2899;1.5
a6m3_mod22ko_zero;A6M3 mod. 22Ko;3543;1.6
a6m5_zero;A6M5;3543;1.6
a6m5hei;A6M5 Hei;4496;1.8
a6m5ko;A6M5 Ko;4645;4.5
a6m5otsu;A6M5 otsu;4520;1.8
a6m6c;A6M6c;2217;3.6
a_7d;A-7D;12657;3.2
a_7e;A-7E;12501;3.2
a7he1;A7He1;335;0.9
a_7k;A-7K;11826;3.3
a7m1;A7M1 (NK9H);5036;4.3
a7m2;A7M2;4520;1.8
douglas_ad_2;AD-2;5818;1.9
douglas_ad_4;AD-4;6619;2
douglas_ad_4_france;AD-4 (France);5732;1.9
douglas_ad_4na_france;AD-4NA (France);2996;3.8
saab_aj37;AJ37;12410;3.1
saab_ajs37;AJS37;10850;3.3
am_1_mauler;AM-1;5403;1.8
arado-196a-3;Ar 196 A-3;193;0.9
arado-196a-5;Ar 196 A-5 (Sweden);193;0.9
arado-234;Ar 234 B-2;13835;2.2
arado-234c-3;Ar 234 C-3;15654;3.3
ar_2;Ar-2;1021;0.8
ariete;Ariete;6271;7.6
attaker_fb1;Attacker FB 1;11974;3.2
attaker_fb2;Attacker FB.2;6077;6.3
f4u-6_au-1;AU-1;2653;3.7
av_8a;AV-8A;6317;6.1
av_8c;AV-8C;12765;3.1
avenger_mk1;Avenger Mk II (Great Britain);2654;4.3
a_4n;Ayit;12486;3.3
br_20_dr;B.R.20DR;429;0.4
br_20m_m1;B.R.20M M1;624;0.6
b_10b;B-10B;314;1
saab_b17a;B17A;821;0.8
saab_b17b;B17B;402;0.5
b-17e;B-17E;4018;2
b-17e_japan;B-17E (Japan);4277;5.4
b-17e_late;B-17E/L;5308;2.2
b-17g_iaf;B-17G (Israel);7347;2
b-17g;B-17G-60-VE;7347;2
saab_b18a;B18A;1051;0.7
b_18a;B-18A;586;0.7
saab_b18b;B18B;2609;1.5
b_239_finland;B-239 (Sweden);683;0.4
b_24d;B-24D-25-CO;10613;2.1
b_25j_1;B-25J-1;2310;1.3
b_25j_20;B-25J-20;2784;1.5
b_25j_30_china;B-25J-30 (China);3184;1.8
b_25j_30_vvs_ussr;B-25J-30 (USSR);2198;3.8
b_26b_c;B-26B;3603;1.8
b_26c_france;B-26C;3603;1.8
b-29;B-29A-BN;14004;3
b_34;B-34;1362;0.9
saab_b3c;B3C;402;0.5
b-57;B-57A;14595;2.9
b-57b;B-57B;15296;3.1
b5n2;B5N2;190;0.3
b6n1;B6N1 Model 11;821;0.8
b6n2;B6N2 Model 12;1426;1
b6n2a;B6N2a Model 12Ko;1817;1.3
b7a2;B7A2;2850;1.7
ba_65_k14_l;Ba.65 (K.14) L;138;0.2
bb-1;BB-1;138;0.2
be_6;Be-6;4368;5.2
beaufighter_mk1_40mm;Beaufighter Mk I (40-mm);2278;2.8
beaufighter_mk21;Beaufighter Mk 21;2645;1.5
beaufighter_mk6c;Beaufighter Mk VIc;833;0.6
beaufighter_mkx;Beaufighter Mk X;1294;1
beaufort_mkviii;Beaufort Mk VIII;624;0.6
bf-109b_2;Bf 109 B-1;201;0.2
bf-109e-1;Bf 109 E-1;683;0.4
bf-109e-3;Bf 109 E-3;919;0.6
bf-109e-4;Bf 109 E-4;1314;0.8
bf-109e-3_japan;Bf 109 E-7 (Japan);6433;4.5
bf-109e-7;Bf 109 E-7/U2;700;1.5
bf-109z;Bf 109 Z-1;4691;4.5
bf-110f-2;Bf 110 F-2;1048;0.8
bf-110g-2;Bf 110 G-2;1610;1.1
bf_110g_4;Bf 110 G-4;1840;1.2
bf_110g_4_hungary;Bf 110 G-4 (Italy);3777;3.8
bf-109f-1;Bf 109 F-1;1630;1
bf-109f-2;Bf 109 F-2;2042;1.2
bf-109f-4;Bf 109 F-4;2487;1.3
bf-109f-4_hungary;Bf 109 F-4 (Italy);3022;3.8
bf-109f-4_usa;Bf 109 F-4 (USA);3456;3.7
bf-109f-4_trop;Bf 109 F-4/trop;2857;1.5
bf-109g-10;Bf 109 G-10;8678;2.3
bf-109g-14;Bf 109 G-14;7457;2.1
bf-109g-14as;Bf 109 G-14/AS (Italy);8602;2.3
bf-109g-2_romania;Bf 109 G-2;1441;2.9
bf-109g-2_hungary;Bf 109 G-2 (Italy);3441;4.3
bf-109g-2_finland;Bf 109 G-2 (Sweden);5688;2
bf-109g-2;Bf 109 G-2/trop;3331;1.6
bf-109g-6;Bf 109 G-6;5866;2
bf-109g-6_finland;Bf 109 G-6 (Sweden);4177;4.6
bf-109g-6_erla_finland;Bf 109 G-6 Erla (Sweden);7146;2.1
bf-109k-4;Bf 109 K-4;10046;2.4
bf-110c-6;Bf 110 C-6;565;1.7
bf-110c-4;Bf 110 C-7;809;0.7
bf2c_1;BF2C-1;0;0.1
bi;BI;11774;2.8
blenheim_mkiv;Blenheim Mk IV;402;0.5
p-38j_marge;Bong's P-38J-15;3964;4.7
boomerang_mki;Boomerang Mk I (Great Britain);4754;4
boomerang_mkii;Boomerang Mk II (Great Britain);3191;3.3
boston_mk_1;Boston Mk I (Great Britain);3663;3.2
br_693_ab2;Br.693AB2;414;0.5
breda_88;Breda 88 (P.XI);414;0.5
brigand_b1;Brigand B 1;8048;2.7
btd-1;BTD-1;2137;4.2
buccaneer_s1;Buccaneer S.1;11675;3.3
buccaneer_s2;Buccaneer S.2;11971;3.1
bv-138c-1;BV 138 C-1;429;0.4
bv-155b-1;BV 155 B-1;1313;3
bv-238;BV 238;1186;3
mc200_serie7_italy;C. 200 serie 7;1257;0.8
mc200_serie7;C. 200 serie 7 (Germany);683;0.4
mc200_serie3_italy;C. 200 serie 3;919;0.6
mc200_serie3;C. 200 serie 3 (Germany);683;0.4
mc-202_italy;C. 202;1314;0.8
mc-202;C. 202 (Germany);946;0.6
mc-202_d;C. 202D;787;1.3
mc-202_ec;C. 202EC;2197;1.1
mc-205_serie1;C. 205 serie 1;2408;1.3
mc-205_serie3;C. 205 serie 3;3027;1.4
mc-205_n2;C. 205N2;5866;2
caudron_cr714;C.R.714;201;0.2
canberra_bimk6;Canberra B (I) Mk 6;15296;3.1
canberra_bmk2;Canberra B Mk 2;14595;2.9
pby-5a_raf;Catalina Mk IIIa (Great Britain);1570;2.2
yak-9t_france;Challe's Yak-9T (France);2300;3
f-86_cl_13_mk4_italy;CL-13 Mk.4;12196;3.8
f-86_canadair_german;CL-13A Mk 5 (Germany);12656;3.8
f-86_cl_13b_mk6;CL-13B Mk.6 (Germany);13673;3.8
corsair_fmk2;Corsair F Mk II (Great Britain);1034;2.4
cr_32;CR.32;0;0.1
cr_32_bis;CR.32 bis;198;0.6
cr_32_quater;CR.32 quater;0;0.1
fiat_cr42_italy;CR.42;201;0.2
fiat_cr42;CR.42 (Germany);201;0.2
cw_21;CW-21;461;0.3
d_371;D.371;0;0.1
d_371_hs9;D.371 H.S.9;195;0.7
d_373;D.373;0;0.1
d_500;D.500;0;0.1
d_501;D.501;201;0.2
d_510c;D.510C;195;0.7
d_520_france;D.520;2320;1.4
d_520;D.520 (Great Britain);2764;2.9
d_521;D.521 (Great Britain);1674;1
d3a1;D3A1;402;0.5
d4y1;D4Y1;1287;1
d4y2;D4Y2;1817;1.3
d4y3;D4Y3 Ko;2190;1.4
db_3a_china;DB-3A (China);1436;1
db_3b;DB-3B;1436;1
db_7;DB-7 (Great Britain);4224;3.5
do_217e_4;Do 217 E-4;5091;2.3
do_217j_1;Do 217 J-1;668;0.4
do_217j_2;Do 217 J-2;919;0.6
do_217k_1;Do 217 K-1;6867;2.5
do_217m_1;Do 217 M-1;8376;2.7
do_217n_1;Do 217 N-1;1973;1.2
do_217n_2;Do 217 N-2;2246;1.4
do_335a_0;Do 335 A-0;6321;1.8
do_335a_1;Do 335 A-1;5733;1.8
do_335b_2;Do 335 B-2;2653;3.7
do_17e_1;Do 17 E-1;196;0.3
do_17z_2;Do 17 Z-2;429;0.4
do_17z_7;Do 17 Z-7;390;0.3
do_217e_2;Do 217 E-2;4018;2
la-7_dolgushin;Dolgushin's La-7;4282;4.4
etndard_4m;Etendard IVM;11911;3.3
f_222_2;F.222.2;778;0.6
fc_20_bis;F.C.20 Bis;564;0.6
f1;F-1;13262;3.3
f-100a_china;F-100A (China);13673;3.8
f-100d;F-100D;13673;3.8
f-100d_france;F-100D (France);13673;3.8
f-104a;F-104A;13673;3.8
f-104a_china;F-104A (China);13673;3.8
f-104c;F-104C;13673;3.8
f-104g_china;F-104G (China);12158;3.1
f-104g;F-104G (Germany);12158;3.1
f-104g_italy;F-104G (Italy);11649;3
f-104j;F-104J;11649;3
f-104s;F-104S;11468;3
f-104s_cb;F-104S TAF (Italy);5812;6.1
f-104s_asa;F-104S.ASA;11720;3.1
f-105d;F-105D;12018;2.9
f11f_1_late;F11F-1;12656;3.8
f_14a_early;F-14A Early;12362;3.2
f_14b;F-14B;12779;3.2
f_16a_block_10;F-16A;12779;3.2
f_16a_block_15_adf;F-16A ADF;12684;3.2
f_16a_block_15_adf_italy;F-16A ADF (Italy);12684;3.2
f_16a_block_20_mlu;F-16A MLU (China);12684;3.2
f_16aj;F-16AJ;12684;3.2
f1m2;F1M2;196;0.3
f2a-1;F2A-1;453;0.3
f2a-3;F2A-3;683;0.4
f2g-1;F2G-1;5213;4.9
f2h-2;F2H-2;12636;3.4
f3d_1;F3D-1;9481;2.7
f3f-2;F3F-2;201;0.2
f3h-2;F3H-2;13673;3.8
f-4c;F-4C Phantom II;14780;3.7
f4d_1;F4D-1;12656;3.8
f-4e;F-4E Phantom II;11468;3
f-4ej_adtw;F-4EJ ADTW;5812;6.1
f-4ej_kai;F-4EJ Kai Phantom II;12362;3.2
f-4ej;F-4EJ Phantom II;11468;3
f-4f_late;F-4F (Germany);12398;3.2
f-4f;F-4F Early (Germany);13566;3.4
f4f-3;F4F-3;919;0.6
f4f-4;F4F-4;1314;0.8
f-4j;F-4J Phantom II;11720;3.1
f-4jk;F-4J(UK) Phantom II;5979;6.2
f-4s;F-4S Phantom II;5979;6.2
f4u-1a;F4U-1A;1630;1
f4u-1a_japan;F4U-1A (Japan);4618;4
f4u-1a_usmc;F4U-1A (USMC);2042;1.2
f4u-1c;F4U-1C;3441;1.6
f4u-1d;F4U-1D;2320;1.4
f4u-4;F4U-4;4352;1.8
f4u-4b;F4U-4B;6131;1.9
f4u-4b_vmf_214;F4U-4B VMF-214;4533;4.6
f4u-7;F4U-7;9514;2.4
f-5a;F-5A;13566;3.4
f-5a_china;F-5A (China);12398;3.2
f-5c;F-5C;6698;6.8
f-5e;F-5E;12158;3.1
f-5e_aidc;F-5E (China);12638;3.3
p-51c-10_france;F-6C-10-NA;2195;3.1
f6f-3;F6F-5;2708;1.5
f6f-5_france;F6F-5 (France);2353;1.3
f6f-5n;F6F-5N;3331;1.6
f6f-5n_france;F6F-5N (France);5417;2
f7f1;F7F-1;9986;2.5
f7f3;F7F-3;5274;5.1
f-80a;F-80A-5;11974;3.2
f-80;F-80C-10;13388;3.7
f-82e;F-82E;9957;2.4
f-84b;F-84B-26;9272;2.6
f-84f;F-84F;10965;3.1
f-84f_france;F-84F (France);10726;3
f-84f_germany;F-84F (Germany);10965;3.1
f-84f_israel_iaf;F-84F (Israel);5556;6.2
f-84f_italy;F-84F (Italy);10965;3.1
f-84f_iaf;F-84F IAF;5556;6.2
f-84g;F-84G-21-RE;9671;2.8
f-84g_china;F-84G-21-RE (China);9897;2.9
f-84g_italy;F-84G-21-RE (Italy);9897;2.9
f-84g_france;F-84G-26-RE (France);9671;2.8
f-84g-31-re_china;F-84G-31-RE (China);4980;5.9
f-86a-5;F-86A-5;12818;3.8
f-86f-2;F-86F-2;12656;3.8
f-86f-25;F-86F-25;12196;3.8
f-86f-30_japan;F-86F-30 (Japan);12196;3.8
f-86f-30_china;F-86F-30 (China);11983;3.7
f-86f-35;F-86F-35;3859;7.6
f-86f-40_japan;F-86F-40 (Japan);12081;3.8
f-86f-40_china;F-86F-40 (China);12081;3.8
f-86f-40_japan_blue_impulse;F-86F-40 JASDF (Japan);5418;7.6
f-86k_late;F-86K (France);12656;3.8
f-86k_late_german;F-86K (Germany);12656;3.8
f-86k_late_italy;F-86K (Italy);12656;3.8
f-89b;F-89B;6376;6.8
f-89d;F-89D;6376;6.8
f-8e;F-8E;13566;3.4
f-8e_fn;F-8E(FN) (France);13566;3.4
f8f1;F8F-1;7414;2.1
f8f1b;F8F-1B;9277;2.4
f8f1b_france;F8F-1B (France);10727;2.6
f8u-2;F8U-2;14780;3.7
f9f-2;F9F-2;13007;3.6
f9f-5;F9F-5;12818;3.8
f9f-8;F9F-8;13429;3.8
fairey_3f_mk3b;Fairey IIIF Mk.IIIB;756;0.9
firebrand_tf4;Firebrand TF Mk IV;2942;1.4
b_48_firecrest;Firecrest;1234;1.2
firefly_mk1;Firefly F Mk I;1462;1.1
firefly_mk5;Firefly FR Mk V;2071;1.4
fj_4b;FJ-4B;11916;3.4
fj_4b_agm_12b;FJ-4B VMF-232;12449;3.6
bf-109a_1;Flegel's Bf 109 A;204;0.5
fokker_d21_mod20;Fokker D.XXI (Sweden);441;1.2
fokker_d21_serie3_finland;Fokker D.XXI-3 (Sweden);423;0.3
fury_mk1;Fury Mk I;0;0.1
fury_mk2;Fury Mk II;0;0.1
fw-190a-4;Fw 190 A-4;2487;1.3
fw-190c;Fw 190 C;4413;4.6
fw_200c_1;Fw 200 C-1;1426;1
fw-189a-1;Fw 189 A-1;270;0.8
fw-190a-1;Fw 190 A-1;1674;1
fw-190a-5_cannons;Fw 190 A-5;3441;1.6
fw-190a-5_japan;Fw 190 A-5 (Japan);5378;4.7
fw-190a-5;Fw 190 A-5/U12;4352;1.8
fw_190a_5_u14;Fw 190 A-5/U14;1610;3.3
fw-190a-5_u2;Fw 190 A-5/U2;2857;1.5
fw-190a-8;Fw 190 A-8;6076;2
fw-190a-8_usa;Fw 190 A-8 (USA);4645;4.5
fw-190d-12;Fw 190 D-12;8551;2.3
fw-190d-13;Fw 190 D-13;4413;4.6
fw-190d-9;Fw 190 D-9;7414;2.1
fw-190d-9_ussr;Fw 190 D-9 (USSR);4645;4.5
fw-190f-8;Fw 190 F-8;4860;1.7
fiat_g50_seria7as_italy;G.50 AS serie 7;625;0.5
fiat_g50_seria7as;G.50 AS serie 7 (Germany);423;0.3
fiat_g50_seria2_italy;G.50 serie 2;423;0.3
fiat_g50_seria2;G.50 serie 2 (Germany);423;0.3
g_55_serie1;G.55 serie 1;4496;1.8
g_55_serie1_ss0;G.55 sottoserie 0;3331;1.6
g_55s;G.55S;4645;4.5
g_56;G.56;10727;2.6
fiat_g91_ps;G.91 pre-serie;12542;3.7
fiat_g91_r1;G.91 R/1;12196;3.8
fiat_g91_r3;G.91 R/3 (Germany);12196;3.8
fiat_g91_r4;G.91 R/4;4702;7.6
fiat_g91_r4_german;G.91 R/4 (Germany);4702;7.6
fiat_g91_y;G.91 Y;13673;3.8
fiat_g91_ys;G.91 YS;14665;3.8
g4m1;G4M1;1051;0.7
g5n1;G5N1;8376;2.7
g8n1;G8N1;11566;2.1
f3f-2_galer;Galer's F3F-2;220;0.5
gl_832;GL.832HY;572;0.5
gladiator_mk1_china;Gladiator Mk I (China);0;0.1
gladiator_mk2;Gladiator Mk II;201;0.2
gladiator_mk2_france;Gladiator Mk IIF;390;0.3
gladiator_mk2_silver;Gladiator Mk IIS;390;0.3
yak-9m;Golovachev's Yak-9M;2723;3.6
il_28_china;H-5;14664;3
h6k4;H6K4;624;0.6
h-75a-1_france;H-75A-1;217;0.2
h-75a-4_france;H-75A-4;473;0.3
p-40c_china;H-81A-2;834;1.7
h8k2;H8K2;1410;0.8
h8k3;H8K3;4364;4
a5m4_hagiri;Hagiri's A5M4;204;0.5
halifax_mk3;Halifax B Mk IIIa;2310;1.3
hp52_hampden_mk1_late;Hampden Mk I;429;0.4
hp52_hampden_tbmk1;Hampden TB Mk I;624;0.6
hp52_hampden_tbmk1_ussr_utk1;Hampden TB Mk I (USSR);318;1.2
harrier_gr1;Harrier GR.1;6423;6.3
harrier_gr3;Harrier GR.3;12235;3
harrier_gr7;Harrier GR.7;11574;3.1
intruder_mk_1;Havoc Mk I (Great Britain);1236;1.4
h-75a-2_finland;Hawk H-75A-2 (Germany);849;1.1
hawk_iii;Hawk III;96;0.5
he_100d_1;He 100 D-1;625;0.5
he-177a-5;He 177 A-5;11566;2.1
he_219a_7;He 219 A-7;1990;3.1
he51a1;He 51 A-1;0;0.1
he51b1;He 51 B-1;0;0.1
he51b_2w;He 51 B-2/H;187;0.7
he51c1;He 51 C-1;0;0.1
he51c1_late;He 51 C-1/L;186;0.2
he-111h-16_winter;He 111 H-16;2190;1.4
he-111h-2;He 111 H-3;778;0.6
he-111h-6;He 111 H-6;1829;1.3
he_112a_0;He 112 A-0;423;0.3
he_112b_0;He 112 B-0;668;0.4
he_112b_1;He 112 B-1/U2;1031;1.2
he_112b_1_italy;He 112 B-1/U2;499;1
he_112b_2;He 112 B-2/U2;335;0.9
he_112v_5;He 112 V-5;201;0.2
he-162a-1;He 162 A-1;10902;2.5
he-162a-2;He 162 A-2;10902;2.5
hellcat_fmk1;Hellcat Mk II (Great Britain);1161;2.7
go229_v3;Ho 229 V3;11974;3.2
hornet_mk1;Hornet Mk.I;4871;4.7
hornet_mk3;Hornet Mk.III;10208;2.5
hs-123a-1;Hs 123 A-1;196;0.3
hs-123a-1_china;Hs 123 A-1 (China);196;0.3
hs-129b-2;Hs 129 B-2;1428;1.2
hs-129b-2_romania;Hs 129 B-2 (Romania);1521;3.2
hs-129b-2_romania_italy;Hs 129 B-2 (Romania);1161;2.8
hs-129b-3;Hs 129 B-3;1018;1
hudson_mk_v;Hudson Mk V (Great Britain);735;1.8
hunter_f1;Hunter F.1;12656;3.8
hunter_f58_switzerland;Hunter F.58 (Germany);14665;3.8
hunter_f6;Hunter F.6;14665;3.8
hunter_f9_rhodesia;Hunter FGA.9;5560;7.6
hurricane_mk1_late_ep;Hurricane Mk.I/L FAA M;2535;2.4
hurricane_mk1;Hurricane Mk I/L;1257;0.8
hurricane_mk1_late_finland;Hurricane Mk I/L (Sweden);1257;0.8
hurricanemkii_ussr;Hurricane Mk IIB (USSR);1580;1.6
hurricanemkii;Hurricane Mk IIB/Trop;919;0.6
hurricane_mk4;Hurricane Mk IV;793;0.7
i-15_1935_moscow;I-15 M-25;0;0.1
i-15_1935;I-15 M-22;0;0.1
i-15_1934;I-15 WR;0;0.1
i-153_m62;I-153 M-62;473;0.3
i-153_m62_china;I-153 M-62 (China);473;0.3
i-153p;I-153P;4805;3.8
i-15bis;I-15bis;186;0.2
i-15bis_china;I-15bis (China);0;0.1
i-16_chung_28;I-16 Chung 28 (China);201;0.2
i-16_type10;I-16 type 10;453;0.3
i-16_type10_china;I-16 type 10 (China);668;0.4
i-16_type17_china;I-16 type 17 (China);2708;1.5
i-16_type18;I-16 type 18;683;0.4
i-16_type24;I-16 type 24;675;0.4
i-16_type27;I-16 type 27;2083;1.2
i-16_type28;I-16 type 28;1207;1.7
i-16_type5;I-16 type 5;201;0.2
i-16_type5_1935_china;I-16 type 5 (China);390;0.3
i_180;I-180S;1745;2.4
i_185_m71_standard;I-185 (M-71);6916;2.2
i_185_m82;I-185 (M-82);2751;1.5
i_225;I-225;9898;2.5
i_29;I-29;345;0.9
lagg-i-301;I-301;470;1.2
gladiator_j8a_iacobi;Iacobi's J8A;96;0.5
iar_81c;IAR-81C;788;2
il-10;IL-10;4860;1.7
il-10_1946;IL-10 (1946);5690;1.8
il-10_1946_china;IL-10 (1946) (China);5690;1.8
il_2_1941;IL-2 (1941);793;0.7
il-2i;IL-2 (1942);1048;0.8
il_2_1942_luftwaffe;IL-2 (1942) (Germany);415;1.3
il_2_m82;IL-2 M-82;1629;3.3
il_2_37_1943;IL-2-37;1625;1.4
il_28;IL-28;14664;3
il_28_german;IL-28 (Germany);15360;3.2
il_28sh;IL-28Sh;15030;3.1
il-2m_mstitel;IL-2M "Avenger";788;2.3
il_2m_1943;IL-2M (1943);1908;1.4
il-2m;IL-2M type 3;1908;1.4
il-4;IL-4;1797;1.2
itp_m1;ITP (M-1);1812;2.8
fiat_cr42_j11;J11;390;0.3
j1n1_mod11_early;J1N1;668;0.4
mig-15bis_nr23_china;J-2;12196;3.8
re_2000_j20;J20;911;0.6
saab_j21a_1;J21A-1;2899;1.5
saab_j21a_2;J21A-2;5688;2
saab_j21ra;J21RA;12048;2.9
ffvs_j22_a;J22-A;1674;1
ffvs_j22_b;J22-B;2408;1.3
p-51d-20-na_j26;J26;6916;2.2
p-51b_7_sweden;J26 David;3970;3.8
saab_j29a;J29A;13576;3.8
saab_j29d;J29D;4702;7.6
saab_j29f;J29F;12656;3.8
j2m2;J2M2;2230;1.1
j2m3;J2M3;8678;2.3
j2m4_kai;J2M4 Kai;5873;4.9
j2m5;J2M5;9362;2.3
j2m5_30mm;J2M5;4331;4.5
saab_j32b;J32B;13673;3.8
hunter_f50_sweden;J34;12656;3.8
saab_j35a;J35A;7063;7.6
saab_j35d;J35D;13566;3.4
mig-17_china;J-4;12081;3.8
j5n1;J5N1;6131;1.9
mig-19j_6a;J-6A;13673;3.8
j6b;J6B;0;0.1
j6k1;J6K1;4864;4.8
j_7d;J-7D;5812;6.1
j_7e;J-7E;11468;3
j_7_mk2;J-7II;13673;3.8
j7w1;J7W1;10208;2.5
gladiator_j8a;J8A;0;0.1
j_8b;J-8B;11702;3.1
j_8f;J-8F;12362;3.2
saab_ja37;JA37C;11702;3.1
saab_ja37d;JA37D;12362;3.2
jaguar_a;Jaguar A;12132;3
jaguar_e;Jaguar E;12132;3
jaguar_gr1;Jaguar GR.1;12516;3.1
jaguar_gr1a;Jaguar GR.1A;12410;3.1
javelin_fmk9;Javelin F.(A.W.) Mk.9;13429;3.8
ju-188a-2;Ju 188 A-2;10278;2.3
ju-288c;Ju 288 C;7127;4.5
ju-388j;Ju 388 J;5183;5.1
ju-87r-2_italy;Ju 87 R-2 (Italy);402;0.5
ju-88a-1;Ju 88 A-1;924;0.8
ju-87d-5;Ju 87 D-5;2103;1.3
ju-87g_1;Ju 87 G-1;414;0.5
ju-87b-2;Ju 87 B-2;382;0.5
ju-87d-3;Ju 87 D-3;924;0.8
ju-87d-3_italy;Ju 87 D-3 (Italy);1632;1.4
ju-87g_2;Ju 87 G-2;414;0.5
ju-87r-2;Ju 87 R-2;402;0.5
ju-87r-2_snake;Ju 87 R-2 Libya;193;0.9
ju-88a-4;Ju 88 A-4;1395;0.9
ju-88a-4_finland;Ju 88 A-4 (Sweden);1395;0.9
ju-88c-6;Ju 88 C-6;917;0.6
kfir_c2;Kfir C.2;11702;3.1
kfir_c7;Kfir C.7;11720;3.1
kfir_canard;Kfir Canard;6318;6.4
ki_100_early;Ki-100;2197;1.1
ki_100_2;Ki-100-II;3231;3.5
ki_102_otsu;Ki-102 otsu;2353;1.3
ki_108;Ki-108 Kai;3085;1.7
ki_109;Ki-109;1230;1.2
ki_10_1;Ki-10-I;0;0.1
ki_10_1_commander;Ki-10-I C;0;0.1
ki_10_2;Ki-10-II;0;0.1
ki_10_2_commander;Ki-10-II C;186;0.2
j8m1;Ki-200;12196;3.8
ki_21_1hei;Ki-21-I hei;230;0.8
ki_21_1ko;Ki-21-Ia;429;0.4
ki-27_otsu;Ki-27 otsu;230;0.2
ki-27_otsu_china;Ki-27 otsu (China);668;0.4
ki-27_otsu_ep;Ki-27 otsu Tachiarai;222;0.6
ki_32;Ki-32;190;0.3
ki_43_1;Ki-43-I;917;0.6
ki_43_2;Ki-43-II;1261;0.8
ki_43_2_late;Ki-43-II (USA);5328;3.4
ki_43_3_ko;Ki-43-III ko (China);946;0.6
ki_43_3_otsu;Ki-43-III otsu;2487;1.3
ki_44_1;Ki-44-I;1261;0.8
ki_44_1_ep;Ki-44-I 34;1780;2.1
ki_44_2_hei;Ki-44-II hei;1753;1
ki_44_2_hei_china;Ki-44-II hei (China);1365;0.7
ki_44_2_otsu;Ki-44-II otsu;3554;2.8
ki-45_hei;Ki-45 hei;1257;0.8
ki-45_hei_tei_china;Ki-45 hei/tei (China);5984;4.7
ki-45_ko;Ki-45 ko;1630;1
ki-45_otsu;Ki-45 otsu;919;0.6
ki-45_tei;Ki-45 tei;423;0.3
ki-49_1;Ki-49-I;1797;1.2
ki-49_2a;Ki-49-IIa;2103;1.3
ki-49_2b;Ki-49-IIb;2487;1.5
ki-49_2b_late;Ki-49-IIb/L;2850;1.7
ki_61_1a_hei;Ki-61-I hei;3027;1.4
ki_61_1a_hei_ep;Ki-61-I hei Tada's;5239;4.7
ki_61_1a_ko;Ki-61-I ko;1699;1
ki_61_1a_otsu;Ki-61-I otsu;1753;1
ki_61_1a_otsu_china;Ki-61-I otsu (China);1753;1
ki_61_1a_tei;Ki-61-I tei;3331;1.6
ki_61_1a_otsu_usa;Ki-61-Ib (USA);2781;2.3
ki_61_2_early;Ki-61-II Otsu Kai;4352;1.8
ki_67_1_ko;Ki-67-I Ko;3584;2
ki_67_1_otsu;Ki-67-I otsu;5091;2.3
ki-83;Ki-83;8820;2.3
ki_84_hei;Ki-84 hei;10727;2.6
ki_84_ko;Ki-84 ko;6110;1.9
ki_84_ko_china;Ki-84 ko (China);4756;4.6
ki_84_otsu;Ki-84 otsu;8678;2.3
ki_87;Ki-87;4623;4.7
ki_94_2;Ki-94-II;8820;2.3
ki-96;Ki-96;4569;4.5
kitsuka;Kikka;11974;3.2
p-63c-5_kingcobra_animal_version;Kingcobra (USA);3763;4.3
i-15bis_krasnolutsky;Krasnolutsky's I-15bis;96;0.5
f-4e_iaf;Kurnass;11468;3
f-4e_kurnass_2000;Kurnass 2000;12046;3.2
la-11;La-11;4371;4.6
la-11_china;La-11 (China);7457;2.1
la-15;La-15;13432;3.8
la_174;La-174;13326;3.8
la_200_toriy;La-200;13388;3.7
la-5_type37_early;La-5;2042;1.2
la-5_type39;La-5F;2353;1.3
la-5fn;La-5FN;2751;1.5
la-5fn_luftwaffe;La-5FN (Germany);5085;4.5
la-7;La-7;5866;2
la-7b-20;La-7B-20;7414;2.1
la-9;La-9;10208;2.5
la-9_china;La-9 (China);8820;2.3
lagg-3-11;LaGG-3-11;1236;0.8
lagg-3-23;LaGG-3-23;603;1
lagg-3-34;LaGG-3-34;576;1.5
lagg-3-35;LaGG-3-35;1257;0.8
lagg-3-4;LaGG-3-4;1700;1.5
lagg-3-66;LaGG-3-66;1630;1
lagg-3-8;LaGG-3-8;911;0.6
lancaster_mk1;Lancaster B Mk I;8933;2.2
lancaster_mk3;Lancaster B Mk III;10278;2.3
lancaster_mr7_france;Lancaster MR.7;10278;2.3
late_298d;Late 298D;193;0.9
leo_451_early;LeO 451 early;1797;1.2
leo_451_late;LeO 451 late;2190;1.4
lightning_f53;Lightning F.53;5378;7.6
lightning_f6;Lightning F.6;13673;3.8
mig-17p_lim_5p;Lim-5P (Germany);12081;3.8
lincoln_b2;Lincoln B Mk II;11566;2.1
mb_152c1;M.B.152C1;451;1.2
mb_157;M.B.157;3045;1.7
mb_162;M.B.162;4227;2
mb_174_a3;M.B.174A-3;1051;0.7
mb_175t;M.B.175T;2381;1.5
md_450b_barougan;M.D.450B Barougan;13066;3.6
md_450b_ouragan;M.D.450B Ouragan;12770;3.5
md_450b_ouragan_iaf;M.D.450B Ouragan (Israel);12770;3.5
md_452_mystere_2a;M.D.452 IIA;13326;3.8
md_452_mystere_2c_preproduction;M.D.452 IIC;12818;3.8
ms_405c1;M.S.405C1;453;0.3
ms_406c1;M.S.406C1;668;0.4
ms_410c1;M.S.410;1257;0.8
fiat_cr42_marcolin_italy;Marcolin's C.R.42 CN;109;0.4
fiat_cr42_marcolin;Marcolin's C.R.42 CN (Germany);195;0.7
martin_139wc;Martin 139WC;402;0.5
maryland_mk1_france;Martin 167-A3;466;0.4
f4f-4_martlet_mk4;Martlet Mk IV (Great Britain);573;1.5
mb_5;MB.5;4645;4.5
mbr-2;MBR-2-M-34;193;0.9
me-262a-1a_early;Me 262 A-1a/Jabo;9481;2.7
me-262a1_u1;Me 262 A-1a/U1;9954;2.9
me_264;Me 264;3607;1.8
me-410a-1;Me 410 A-1;1840;1.2
me-410a-1_u2;Me 410 A-1/U2;3322;1.7
me-410a-1_u4;Me 410 A-1/U4;1880;1.5
me-410b-1;Me 410 B-1;2942;1.4
me-410b-1_u2;Me 410 B-1/U2;4232;1.8
me-410b-2_u4;Me 410 B-2/U4;2429;1.6
me-410b-6_r3;Me 410 B-6/R3;4860;1.7
me-163b;Me 163 B;13326;3.8
me-163b-0;Me 163 B-0;12196;3.8
me-262a-1a_u4;Me 262 A-1/U4;8762;2.4
me-262a-1a;Me 262 A-1a;11974;3.2
me-262a-2a;Me 262 A-2a;8977;2.5
me-262c-1a;Me 262 C-1a;12932;3.6
me-262c-2b;Me 262 C-2b;13326;3.8
meteor_fmk3;Meteor F Mk 3;12636;3.4
meteor_fmk4_lw;Meteor F Mk 4 G.41F;13388;3.7
meteor_fmk4_sw;Meteor F Mk 4 G.41G;13432;3.8
meteor_fmk8;Meteor F Mk 8 G.41K;13432;3.8
meteor_fmk8_reaper;Meteor F Mk.8 Reaper;6726;7.5
meteor_fmk8_iaf;Meteor F.8 (Israel);13326;3.8
meteor_nfmk13;Meteor NF.13 (Israel);13066;3.6
mig-15_ns23;MiG-15;12542;3.7
mig-15;MiG-15bis;12196;3.8
mig-15bis_nr23_german;MiG-15bis (Germany);12196;3.8
mig-15bis_ish;MiG-15bis ISH;5899;7.6
mig-17;MiG-17;12081;3.8
mig-17_cuba;MiG-17AS;5017;7.6
mig-19pt;MiG-19PT;13673;3.8
mig-19s;MiG-19S (Germany);13673;3.8
mig-21_bis_lazur;MiG-21 "Lazur-M" (Germany);5933;6.2
mig-21_sps_k;MiG-21 SPS-K (Germany);7515;7.5
mig-21_bis;MiG-21bis;11702;3.1
mig_21_bis_finland;MiG-21bis (Sweden);11702;3.1
mig-21_bis_sau;MiG-21bis-SAU (Germany);11702;3.1
mig-21_f13;MiG-21F-13;13673;3.8
mig-21_mf;MiG-21MF (Germany);13566;3.4
mig-21_pfm;MiG-21PFM;13673;3.8
mig-21_s;MiG-21S (R-13-300);7225;7.5
mig-21_smt;MiG-21SMT;13566;3.4
mig_23bn;MiG-23BN (Germany);12765;3.1
mig_23m;MiG-23M;11702;3.1
mig_23mf_germany;MiG-23MF (Germany);11702;3.1
mig_23ml;MiG-23ML;6083;6.3
mig_23mla;MiG-23MLA (Germany);12046;3.2
mig_23mld;MiG-23MLD;12046;3.2
mig_27k;MiG-27K;12046;3.2
mig_27m;MiG-27M;11702;3.1
mig_29_9_13;MiG-29;12779;3.2
mig_29_9_12_germany;MiG-29 (Germany);12779;3.2
mig_3_series_1_15;MiG-3-15;919;0.6
mig_3_series_1_15_bk_pod;MiG-3-15 (BK);1257;0.8
mig_3_series_34;MiG-3-34;1600;1
mig-9;MiG-9;12636;3.4
mig-9_china;MiG-9 (China);12636;3.4
mig-9_late_china;MiG-9 (l) (China);12932;3.6
mig-9_ussr;MiG-9 (l);12932;3.6
mirage_milan;Milan;7063;7.6
mirage_2000_5f;Mirage 2000-5F;12779;3.2
mirage_2000c_s5;Mirage 2000C-S5;12362;3.2
mirage_2000d_r1;Mirage 2000D-R1;11131;3.4
mirage_5f;Mirage 5F;15088;3.8
mirage_f1c;Mirage F1C;11957;3.2
mirage_f1c_200;Mirage F1C-200;6083;6.3
mirage_f1ct;Mirage F1CT;11957;3.2
mirage_3c;Mirage IIIC;13566;3.4
mirage_3e;Mirage IIIE;13840;3.5
morko_morane;Mörkö-Morane;2016;2
mosquito_fb_mk6;Mosquito FB Mk VI;1840;1.2
mosquito_fb_mk18;Mosquito FB Mk XVIII;1880;1.5
mosquito_fb_mk26_china;Mosquito FB.Mk.26;2645;1.5
p-51b;Mustang Mk IA (Great Britain);3740;4.5
md_454_mystere_4a;Mystere IVA;12777;3.8
md_454_mystere_4a_iaf;Mystere IVA (Israel);12777;3.8
nc_223_3;N.C.223.3;1395;0.9
n1k1_kyuofu;N1K1;1257;0.8
n1k1_ja;N1K1-Ja;6110;1.9
n1k2_j;N1K2-J;7650;2.1
n1k2_jko;N1K2-Ja;8820;2.3
fw-190a-8_france;NC.900;4424;4.5
nesher;Nesher;15088;3.8
f_16a_block_10_iaf;Netz;12684;3.2
nimrod_mk1;Nimrod Mk I;0;0.1
nimrod_mk2;Nimrod Mk II;186;0.2
o3u_1;O3U-1;586;0.7
os2u_1;OS2U-1;196;0.3
os2u_3;OS2U-3;382;0.5
p_108a_serie2;P.108A serie 2;1234;1.2
p_108b_serie1;P.108B serie 1;3938;2.2
p_108b_serie2;P.108B serie 2;6705;2.5
p1y1_mod11;P1Y1 mod. 11;6490;2.6
p1y1_mod11_china;P1Y1 mod. 11 (China);2746;1.8
p-26a_33;P-26A-33;0;0.1
p-26a_34;P-26A-34;187;0.7
p-26a_34_m2;P-26A-34 M2;0;0.1
p-26b_35;P-26B-35;0;0.1
p-36a;P-36A;201;0.2
p-36c;P-36C;423;0.3
p-36g;P-36G;675;0.4
p-38e;P-38E;1674;1
p-38g;P-38G-1;2083;1.2
p-38j;P-38J-15;5688;2
p-38k;P-38K;5301;4.9
p-38l_1_china_rocaf;P-38L-1 (China);8234;2.3
p-38l;P-38L-5-LO;8234;2.3
p-39k_1;P-39K-1 (USSR);3971;3.4
p-39n;P-39N-0;1261;0.8
p-39q_15;P-39Q-15 (USSR);5973;4.7
p-39q_25_france;P-39Q-25 (France);2072;3
p-39q_5;P-39Q-5;1630;1
p-400;P-400;911;0.6
p-40c;P-40C;576;1.5
p-40e;P-40E-1;917;0.6
p-40e_china;P-40E-1 (China);1261;0.8
p-40e_ussr;P-40E-1 (USSR);2167;1.9
p-40e_td;P-40E-1 TD;917;0.6
p-40f_10;P-40F-10;1261;0.8
p-40f-5_france_ep;P-40F-5 Lafayette (France);573;1.5
p-43a-1;P-43A-1;788;2
p-43a-1_china;P-43A-1 (China);1630;1
p-47d_luftwaffe;P-47D (Germany);4626;3.8
p-47d_16_re_germany;P-47D-16-RE (Germany);3237;4
p-47d_22_re;P-47D-22-RE;2751;1.5
p-47d_22_re_france;P-47D-22-RE (France);1635;3.3
p-47d_23_ra_china_rocaf;P-47D-23-RA (China);2408;1.3
p-47d;P-47D-25;3331;1.6
p-47d_ussr;P-47D-27 (USSR);1607;3.3
p-47d-28;P-47D-28;4496;1.8
p-47d_30_china;P-47D-30 (China);3149;1.4
p-47d_30_italy;P-47D-30 (Italy);9225;2.4
p-47m-1-re_boxted;P-47M-1-RE;4623;4.7
p-47m-1-re;P-47M-1-RE (USA);4623;4.7
p-47n-15;P-47N-15;8234;2.3
p-51_mk1a_usaaf;P-51;2083;1.2
p-51a_tl;P-51A;884;2
p-51c-10-nt;P-51C-10;2408;1.3
p-51c-11-nt_japan;P-51C-11-NT (Japan);1635;3.3
p-51d-10;P-51D-10;3690;4.4
p-51d-20_china;P-51D-20 (China);5688;2
p-51d-20-na;P-51D-20-NA;4383;4.7
p-51d-20-na_iaf;P-51D-20-NA (Israel);6916;2.2
p-51d-30_usaaf_korea;P-51D-30;7414;2.1
p-51d-5;P-51D-5;5688;2
p-51h-5_na;P-51H-5-NA;10727;2.6
p-51k;P-51K (China);9898;2.5
p-59a;P-59A;3702;4.2
p-61a_1;P-61A-11;5080;4.2
p-61c_1;P-61C-1;4008;1.8
p-63a-10;P-63A-10;3322;1.7
p-63a-10_ussr;P-63A-10 (USSR);3795;4.5
p-63a-5;P-63A-5;2353;1.3
p-63a-5_ussr;P-63A-5 (USSR);4167;4.5
p-63c-5;P-63C-5;4008;1.8
p-63c-5_france;P-63C-5 (France);4008;1.8
p-63c-5_ussr;P-63C-5 (USSR);4123;4.5
p-66;P-66;919;0.6
d_510;Pallier's D.510;109;0.4
pb4y-2;PB4Y-2;5356;1.8
pb4y-2_china;PB4Y-2 (China);5356;1.8
pb4y-2_france;PB4Y-2 (France);8933;2.2
pbj_1h;PBJ-1H;2645;1.5
pbj_1j;PBJ-1J;2071;1.4
pbm_1;PBM-1 "Mariner";924;0.8
pbm_3;PBM-3 "Mariner";3864;3.8
pby-5;PBY-5 Catalina;402;0.5
pby-5a;PBY-5A Catalina;624;0.6
pby-5a_ussr;PBY-5A Catalina (USSR);1339;2
pby-5a_late_france;PBY-5A Late (France);318;1.2
pe-2-1;Pe-2-1;2103;1.3
pe-2-110;Pe-2-110;3446;1.9
pe-2-205;Pe-2-205;2973;3.7
pe-2-31;Pe-2-31;2103;1.3
pe-2-359;Pe-2-359;4548;2.2
pe-2-83;Pe-2-83;2381;1.5
pe-3;Pe-3;790;0.8
pe-3_early;Pe-3 (e);564;0.6
pe-3_bis;Pe-3bis;1467;1.2
pe-8_m82;Pe-8;3184;1.8
f-4k;Phantom FG.1;11483;3
f-4m_fgr2;Phantom FGR.2;11483;3
spitfire_ix_plagis;Plagis' Spitfire LF Mk IXc;4699;4.5
po-2;Po-2;196;0.3
po-2m;Po-2M;1411;2
p-39n_su;Pokryshkin's P-39N-0 (USSR);5611;4.7
potez_630;Potez 630;919;0.6
potez_631;Potez 631;1257;0.8
potez_633;Potez 633;200;0.3
pv_2d;PV-2D;1023;2.6
q_5_early;Q-5 early;11911;3.3
q_5a;Q-5A;12156;3.4
q_5l;Q-5L;13045;3.2
r2y2_v1;R2Y2 Kai V1;12688;3.5
r2y2_v2;R2Y2 Kai V2;13007;3.6
r2y2_kai;R2Y2 Kai V3;13326;3.8
p-36a_rasmussen;Rasmussen's P-36A;512;0.9
re_2000_ga;Re.2000 G.A.;1257;0.8
re_2000_ga_ep;Re.2000 G.A. Red 5;3460;2.9
re_2000_int;Re.2000 serie 1;919;0.6
re_2001_cb;Re.2001 CB;2042;1.2
re_2001_cn;Re.2001 CN;2708;1.5
re_2001_serie1_ep;Re.2001 gruppo 22;2671;2.4
re_2001_serie1;Re.2001 serie 1;1674;1
re_2002_early;Re.2002 Early;1257;0.8
re_2005_serie0;Re.2005 serie 0;8678;2.3
ro_44;Ro.44;186;0.2
ro_57_quadriarma;Ro.57 Quadriarma;3185;3.5
s_81_ar125;S.81;190;0.3
sm_79_iar_italy;S.M.79 B;2209;1.5
sm_79_iar;S.M.79 B (Germany);2209;1.5
sm_79_1942;S.M.79 bis/N (Germany);1817;1.3
sm_79_1943_italy;S.M.79 bis/T.M;1817;1.3
sm_79_1943;S.M.79 bis/T.M (Germany);1817;1.3
sm_79_1936_italy;S.M.79 serie 1;821;0.8
sm_79_1936;S.M.79 serie 1 (Germany);1147;1.1
sm_79_1939_italy;S.M.79 serie 8;1287;1
sm_79_1939;S.M.79 serie 8 (Germany);1287;1
sm_79_1941_italy;S.M.79 AS;1426;1
sm_79_1941;S.M.79 AS (Germany);1817;1.3
sm_79_1937;S.M.79 serie 4 (Germany);1817;1.3
so_4050_vautour_2a;S.O.4050 Vautour IIA;13600;2.5
so_4050_vautour_2b;S.O.4050 Vautour IIB;12998;2.4
so_4050_vautour_2n;S.O.4050 Vautour IIN;6626;4.9
so_4050_vautour_2n_late;S.O.4050 Vautour IIN (late);12818;3.8
so_8000_narval;S.O.8000 Narval;4282;4.5
saab_b17bs;S17BS;196;0.3
saab_j35xs;Saab J35XS;6206;6.3
saab_105g;SAAB-105G;10965;3.1
saab_105oe;SAAB-105OE;5556;6.2
md_460_saar;Sa'ar;12656;3.8
sagittario_2;Sagittario 2;12656;3.8
s_199;Sakeen;5223;2.1
md_460_sambad;Sambad;12656;3.8
sb_2m_100;SB 2M-100;402;0.5
sb_2m_103c;SB 2M-103;690;0.6
sb_2m_103_mv3;SB 2M-103 MV-3;1147;1.1
sb_2m_103u;SB 2M-103U;1426;1
sb_2m_103u_china;SB 2M-103U (China);1021;0.8
sb_2m_103u_mv3;SB 2M-103U MV-3;1021;0.8
sb_2m_105;SB 2M-105;1051;0.7
sb2c_1c;SB2C-1C;2487;1.7
sb2c_4;SB2C-4;2850;1.7
sb2c_5_france;SB2C-5 (France);2850;1.7
sb2u-2;SB2U-2;196;0.3
sb2u-3;SB2U-3;429;0.4
sbd-3;SBD-3;690;0.6
scimitar_f1;Scimitar F Mk.1;12777;3.8
sea_fury_fb11;Sea Fury FB 11;9279;2.4
gladiator_mk2_navy;Sea Gladiator Mk I;376;0.4
harrier_frs1;Sea Harrier FRS.1;12042;3.1
sea_hawk_fga6;Sea Hawk FGA.6;13326;3.8
sea_hawk_mk100;Sea Hawk Mk.100 (Germany);6517;7.6
hurricane_mk1b;Sea Hurricane Mk IB;911;0.6
hurricane_mk1c;Sea Hurricane Mk IC;1674;1
sea_venom_faw20;Sea Venom FAW 20;13576;3.8
dh_110_sea_vixen;Sea Vixen F.A.W. Mk.2;5511;7.6
meteor_fmk3_navy;Sea Meteor F Mk 3;12932;3.6
seafire_mk17;Seafire F Mk XVII;7457;2.1
seafire_fr47;Seafire FR 47;8678;2.3
seafire_mk3;Seafire LF Mk.III;6076;2
seafire_mk3_france;Seafire LF Mk.III (France);7414;2.1
shackleton_mr_mk_2;Shackleton MR.Mk.2;12403;2.2
mirage_3cj;Shahak;15088;3.8
mig-17_f5;Shenyang F-5;5986;7.6
saab_sk60b;SK60B;9716;2.8
sm_91;SM.91;2645;1.5
sm_92;SM.92;5602;1.9
spitfire_f22;Spitfire F Mk 22;10278;2.7
spitfire_f24;Spitfire F Mk 24;11210;3.1
spitfire_mk14c;Spitfire F Mk XIVc;4811;4.8
spitfire_mk14e;Spitfire F Mk XIVe;8678;2.3
spitfire_mk18e;Spitfire F Mk XVIIIe;8678;2.3
spitfire_ix_early;Spitfire F Mk IX;4232;1.8
spitfire_mk9c_4cannons;Spitfire F Mk IXc;4822;4.5
spitfire_fr_mk14e;Spitfire FR Mk XIVe;4376;4.6
spitfire_lf_mk9e_weisman;Spitfire LF Mk.IXe Weizman's (Israel);4282;4.5
spitfire_mk9c_iaf;Spitfire Mk IXc (Israel);6916;2.2
spitfiremkiia_ep;Spitfire Mk.IIa Venture I;2987;3.2
spitfire_lf_mk9e_iaf;Spitfire Mk.IX (CW) (Israel);8678;2.3
spitfire_xvi;Spitfire F Mk XVI;6076;2
spitfire_ix_usa;Spitfire LF Mk IXc (USA);4721;4.7
spitfire_ix;Spitfire LF Mk IX;7491;2.1
spitfire_ix_ussr;Spitfire Mk IXc (USSR);5170;4.7
spitfire_mk1;Spitfire Mk Ia;946;0.6
spitfiremkiia;Spitfire Mk IIa;1314;0.8
spitfiremkii;Spitfire Mk IIb;1753;1
spitfire_mk5b_notrop;Spitfire Mk Vb;2857;1.5
spitfire_mk5b;Spitfire Mk Vb/trop;2408;1.3
spitfire_mk5b_italy;Spitfire Mk Vb/trop (Italy);1184;2.6
spitfire_mk5c_notrop;Spitfire Mk Vc;5787;2
spitfire_mk5c;Spitfire Mk Vc/trop;4352;1.8
stirling_mk1;Stirling B Mk I;2983;1.7
stirling_mk3;Stirling B Mk III;5091;2.3
su-11;Su-11;6293;6.9
su_17m2;Su-17M2;12410;3.1
su_17m4;Su-17M4;11599;3.2
su-2_m82;Su-2 (M-82);435;0.4
su-2_mv5;Su-2 MV-5;283;0.3
su-2_tss1;Su-2 TSS-1;417;0.4
su_22m3;Su-22M3;12042;3.1
su_22m4;Su-22M4 (Germany);11599;3.2
su_22um3k;Su-22UM3K (Germany);12042;3.1
su_25;Su-25;12271;3
su_25k;Su-25K;6280;6.1
su_25t;Su-25T;11055;3.4
su_25tm;Su-39;5627;6.8
su_6_single;Su-6;2370;3.4
su-6_am42;Su-6 (AM-42);4189;1.5
su-6_m71;Su-6 (M-71F);6321;1.8
su-7b;Su-7B;11971;3.1
su-7bkl;Su-7BKL;12229;3.2
su-7bmk;Su-7BMK;6151;6.6
su-8;Su-8;2568;3.3
su-9;Su-9;11974;3.2
sunderland_mk3a;Sunderland Mk IIIa;624;0.6
sunderland_mk5;Sunderland Mk V;924;0.8
md_460;Super Mystere B2;12656;3.8
swift_f1;Swift F.1;12542;3.7
swift_f7;Swift F.7;12196;3.8
swordfish_mk1;Swordfish Mk I;196;0.3
swordfish_mk2;Swordfish Mk II;193;0.9
saab_t18b_1;T18B;6117;2.4
saab_t18b_2;T18B (57);7496;2.6
t2;T-2;14518;3.8
t2_early;T-2 Early;7225;7.5
ta_154a_1;Ta 154 A-1;3869;3.8
ta-152c;Ta 152 C-3;10727;2.6
ta-152h-1;Ta 152 H-1;9514;2.4
tandem_mai;Tandem MAI;213;0.9
tb_3_m17_32;TB-3M-17-32;299;1.3
tbd-1_1938;TBD-1;196;0.3
tbf-1c;TBF-1C;821;0.8
tempest_mkv_vikkers;Tempest Mk V (Vickers P);4997;1.9
tempest_mk2;Tempest Mk II;10208;2.5
tempest_mkv;Tempest Mk V;6131;1.9
tempest_mkv_luftwaffe;Tempest Mk V (Germany);4282;4.5
f2a-1_thach;Thach's F2A-1;222;0.6
thunderbolt_mk1;Thunderbolt Mk.1 (Great Britain);4396;4.4
tis_ma;TIS MA;910;2
tornado_adv;Tornado ADV;12046;3.2
tornado_f3;Tornado F.3;12046;3.2
tornado_gr1;Tornado GR.1;11131;3.4
tornado_ids_it_mod95;Tornado IDS (1995) (Italy);11131;3.4
tornado_ids_de_mfg;Tornado IDS (Germany);11912;3.3
tornado_ids_de_assta1;Tornado IDS ASSTA1 (Germany);11131;3.4
tu-1;Tu-1;2655;3.7
tu_14t;Tu-14T;14664;3
tu-2_early;Tu-2;3603;1.8
tu-2;Tu-2S;10278;2.3
tu-2_postwar;Tu-2S-44;11474;2.2
tu-2_postwar_china;Tu-2S-44 (China);11474;2.2
tu-2_postwar_late;Tu-2S-59;12294;2.3
tu_4;Tu-4;14334;2.9
tu_4_china;Tu-4 (China);14334;2.9
gladiator_mk2_tuck;Tuck's Gladiator Mk II;139;0.5
typhoon_mk1a;Typhoon Mk Ia;2042;1.2
typhoon_mk1b;Typhoon Mk Ib;3756;3.5
typhoon_mk1b_late;Typhoon Mk Ib/L;3331;1.6
vg_33;V.G.33C-1;1973;1.2
v_11g;V-11;283;0.3
v_12d;V-12D;563;0.6
v_156_b1;V-156-B1;196;0.3
v_156_f;V-156-F;196;0.3
vampire_fb5;Vampire FB 5;13007;3.6
vampire_fb52a_italy;Vampire FB 52A;13007;3.6
vampire_fb52_finland;Vampire FB 52A (Sweden);13007;3.6
so_4050_vautour_2a_israel_iaf;Vautour IIA (Israel);13319;2.5
so_4050_vautour_2a_iaf;Vautour IIA IDF/AF;6626;4.9
so_4050_vautour_2n_iaf;Vautour IIN (Israel);13600;2.5
vb_10_02;VB.10-02;8234;2.3
vb_10c1;VB.10C-1;5430;2
venom_fb4;Venom FB.4;12196;3.8
vl_myrsky_2_late;VL Myrsky II;451;1.2
pyorremyrsky;VL Pyörremyrsky;2214;3.5
wellington_mk1c;Wellington Mk Ic;1426;1
wellington_mk1c_luftwaffe;Wellington Mk Ic (Germany);4423;4.5
wellington_mk1c_late;Wellington Mk Ic/L;1829;1.3
wellington_mk3;Wellington Mk III;2190;1.4
wellington_mk10;Wellington Mk X;2103;1.3
whirlwind_mk1;Whirlwind Mk I;5320;2
whirlwind_p9;Whirlwind P.9;3957;4.5
wirraway;Wirraway (Great Britain);144;0.6
wyvern_s4;Wyvern S4;2002;3.1
xa_38;XA-38;1772;3.3
xf5f;XF5F;3114;4.5
p-38g_metal;XP-38G;3046;3.2
xp-50;XP-50;4715;4.5
xp-55;XP-55;2093;2.9
yak-1_early;Yak-1;919;0.6
yak_141;Yak-141;12684;3.2
yak-15;Yak-15;12048;2.9
yak-15_early;Yak-15P;11436;2.6
yak-17;Yak-17;12352;3
yak-1b;Yak-1B;1314;0.8
yak-1b_luftwaffe;Yak-1B (Germany);1243;2.5
yak_2_kabb;Yak-2 KABB;415;0.4
yak-23;Yak-23;12196;3.8
yak-28b;Yak-28B;14308;2.4
yak-3;Yak-3;3331;1.6
yak-3_france;Yak-3 (France);4616;4.4
yak-3_vk107;Yak-3 (VK-107);5282;4.9
yak-30d;Yak-30D;12196;3.8
yak-38;Yak-38;6017;6.5
yak-38m;Yak-38M;12229;3.2
yak-3p;Yak-3P;4496;1.8
yak-3t;Yak-3T;4702;4.5
yak-3u;Yak-3U;9362;2.3
yak-4;Yak-4;690;0.6
yak-7b;Yak-7B;1630;1
yak-9;Yak-9;2042;1.2
yak-9b;Yak-9B;2042;1.2
yak-9k;Yak-9K;2857;1.5
yak-9p;Yak-9P;7414;2.1
yak-9t;Yak-9T;2487;1.3
yak-9u;Yak-9U;5866;2
yak-9ut;Yak-9UT;10046;2.4
er-2_ach30b_early;Yer-2 (ACh-30B) (e);6867;2.5
er-2_ach30b_late;Yer-2 (ACh-30B) (l);8376;2.7
er-2_m105_mv3;Yer-2 (M-105);2487;1.5
er-2_m105_tat;Yer-2 (M-105) TAT;3178;1.9
er-2_m105r_lu2b;Yer-2 (M-105R) LU;2850;1.7
er-2_m105r_tat;Yer-2 (M-105R) TAT;4065;2.1
yp-38;YP-38;6181;4.7
z_1007_bis_serie3;Z.1007 bis serie 3;2550;1.8
z_1007_bis_serie5;Z.1007 bis serie 5;2870;1.9
i-153_m62_zhukovskiy;Zhukovsky's I-153-M62;276;0.6